LAD25CD,LAD25NM,YEAR,TOTAL,50-54,55-59,60-64,65-69,70-74,75-79,80-84,85-89,90+
E06000001,Hartlepool,1991,90395,5126,5175,4942,4675,3387,2517,1622,814,296
E06000001,Hartlepool,2001,88611,6102,4694,4664,4513,3747,2997,1842,866,414
E06000001,Hartlepool,2011,92028,6464,5595,5837,4236,3938,3327,2241,1323,533
E06000001,Hartlepool,2021,92334,6578,7130,6295,5247,5084,3222,2463,1490,726
E06000002,Middlesbrough,1991,140850,7196,7272,7466,6966,5040,3589,2276,1104,413
E06000002,Middlesbrough,2001,134855,8474,6514,6318,5963,5423,4287,2569,1285,586
E06000002,Middlesbrough,2011,138412,9233,7933,7531,5680,5153,4278,3115,1658,807
E06000002,Middlesbrough,2021,143922,8736,9369,8720,7208,6462,4300,3236,1959,1013
E06000003,Redcar and Cleveland,1991,145141,8616,7605,7686,7181,5711,4207,2468,1219,450
E06000003,Redcar and Cleveland,2001,139132,10323,8648,8014,6700,6018,5009,3185,1632,723
E06000003,Redcar and Cleveland,2011,135177,9429,8458,9511,7776,6642,5017,3704,2133,980
E06000003,Redcar and Cleveland,2021,136536,10012,10655,9564,8497,8675,6341,4479,2447,1310
E06000004,Stockton-on-Tees,1991,173893,9445,9168,9117,8316,5789,4307,2642,1226,487
E06000004,Stockton-on-Tees,2001,178408,12643,9650,8673,8173,6968,5510,3386,1688,768
E06000004,Stockton-on-Tees,2011,191610,13399,11609,11648,8745,7357,6089,4279,2429,1052
E06000004,Stockton-on-Tees,2021,196594,13932,14010,12734,10793,10252,6872,4954,2866,1446
E06000005,Darlington,1991,98908,5547,5136,5331,5358,4146,3406,2256,1127,429
E06000005,Darlington,2001,97838,7077,5506,5133,4503,4192,3671,2304,1319,667
E06000005,Darlington,2011,105564,7258,6308,6685,5205,4512,3526,2646,1740,810
E06000005,Darlington,2021,107807,7770,7855,7004,5959,5980,4150,3119,1841,996
E06000006,Halton,1991,123680,6265,5779,5821,5249,4144,3028,1774,809,282
E06000006,Halton,2001,118208,9037,6407,5486,4788,4297,3252,2153,1045,469
E06000006,Halton,2011,125746,8768,8144,8508,5765,4605,3600,2532,1349,630
E06000006,Halton,2021,128475,9082,9145,8184,7254,7104,4291,2866,1673,772
E06000007,Warrington,1991,182659,10683,9208,8778,8103,6560,5178,3349,1522,592
E06000007,Warrington,2001,191080,13607,11253,9798,7941,6883,5606,3710,1964,935
E06000007,Warrington,2011,202228,13569,11828,12441,9980,8218,6007,4287,2498,1224
E06000007,Warrington,2021,210969,16074,15881,12801,10719,10723,8206,5806,3101,1602
E06000008,Blackburn with Darwen,1991,136607,6745,6438,6279,6323,4795,4166,2835,1301,525
E06000008,Blackburn with Darwen,2001,137470,8561,6650,5856,5232,4612,3824,2515,1428,698
E06000008,Blackburn with Darwen,2011,147489,8934,7882,7884,5689,4667,3659,2701,1547,798
E06000008,Blackburn with Darwen,2021,154735,10303,9360,8006,6680,6203,4086,2847,1677,907
E06000009,Blackpool,1991,146087,8887,8454,8770,9179,7432,6541,4604,2312,869
E06000009,Blackpool,2001,142283,10006,9003,8484,7365,6867,5986,4095,2349,1195
E06000009,Blackpool,2011,142065,9654,8415,9415,7729,6624,5238,3910,2431,1307
E06000009,Blackpool,2021,141033,10539,10993,9418,7674,7867,5821,4140,2377,1312
E06000010,"Kingston upon Hull, City of",1991,254109,12410,12782,12891,12982,9862,8118,5196,2449,890
E06000010,"Kingston upon Hull, City of",2001,243589,15481,11243,11104,10796,9472,7958,4958,2870,1283
E06000010,"Kingston upon Hull, City of",2011,256406,15949,13746,13844,9635,8666,7322,5466,3166,1476
E06000010,"Kingston upon Hull, City of",2021,267010,17253,17217,14926,12220,11382,7097,5234,3198,1696
E06000011,East Riding of Yorkshire,1991,292007,17685,16785,16577,15721,12542,10649,7119,3483,1404
E06000011,East Riding of Yorkshire,2001,314113,25648,21079,18291,16724,14570,11912,7768,4561,2300
E06000011,East Riding of Yorkshire,2011,334179,23938,22412,27070,21068,17648,13951,9769,5947,3072
E06000011,East Riding of Yorkshire,2021,342217,25589,27138,24920,23083,25349,17942,12658,7380,4084
E06000012,North East Lincolnshire,1991,159690,8770,8556,8257,7927,6410,5063,3237,1527,529
E06000012,North East Lincolnshire,2001,157979,10891,8732,8153,7477,6463,5483,3645,2034,1013
E06000012,North East Lincolnshire,2011,159616,10683,9621,10236,7815,6918,5712,4101,2469,1272
E06000012,North East Lincolnshire,2021,156966,11079,11803,10218,8748,8857,6222,4660,2891,1457
E06000013,North Lincolnshire,1991,152336,8715,8089,8158,7777,6061,4623,2957,1379,542
E06000013,North Lincolnshire,2001,152849,11537,9546,8209,7383,6567,5493,3513,1859,885
E06000013,North Lincolnshire,2011,167446,11649,10922,11452,9017,7246,5771,4241,2542,1222
E06000013,North Lincolnshire,2021,169674,12515,12989,11412,10022,10226,7296,5006,3105,1618
E06000014,York,1991,166777,9344,8889,8874,8876,7054,5875,4172,2044,752
E06000014,York,2001,181094,12621,9953,8901,8230,7574,6657,4375,2459,1265
E06000014,York,2011,198051,12017,10649,11716,9122,7807,6589,5040,3200,1657
E06000014,York,2021,202821,13260,12962,11256,9783,10482,7465,5522,3444,2038
E06000015,Derby,1991,218816,11215,11137,11616,11369,8864,7176,4811,2211,772
E06000015,Derby,2001,221708,13605,11624,10241,9706,9272,7850,4998,2796,1288
E06000015,Derby,2011,248752,14612,12376,12586,10169,8715,7568,5972,3564,1681
E06000015,Derby,2021,261354,17239,16150,13336,11313,11122,8123,6137,3917,2171
E06000016,Leicester,1991,270502,12257,12133,12732,12744,10203,8566,6002,3070,1305
E06000016,Leicester,2001,279921,15161,11687,11129,9954,9279,8240,5488,3234,1652
E06000016,Leicester,2011,329839,18953,16501,14056,9977,8911,7321,5615,3605,1787
E06000016,Leicester,2021,368569,21893,19473,17271,13975,11288,7324,5518,3357,2040
E06000017,Rutland,1991,31499,1902,1649,1584,1493,1173,911,690,315,130
E06000017,Rutland,2001,34563,2648,2322,1956,1677,1426,1190,739,475,250
E06000017,Rutland,2011,37369,2517,2362,2715,2331,1887,1436,1094,719,382
E06000017,Rutland,2021,41050,2966,2904,2699,2496,2835,2129,1470,925,531
E06000018,Nottingham,1991,263530,12761,12863,13741,13772,10720,8771,5942,2751,996
E06000018,Nottingham,2001,266988,13906,11281,10544,10323,9834,8504,5414,2993,1422
E06000018,Nottingham,2011,305680,15772,13404,12626,9313,8207,7181,5696,3529,1626
E06000018,Nottingham,2021,323627,17860,17028,13927,10884,9801,6864,5115,3264,2037
E06000019,"Herefordshire, County of",1991,160172,8986,8752,9124,9192,7339,6091,4062,2023,760
E06000019,"Herefordshire, County of",2001,174871,13292,11625,9988,9272,8348,7175,4834,2640,1314
E06000019,"Herefordshire, County of",2011,183477,12677,12261,13604,11418,9078,7559,5637,3535,1789
E06000019,"Herefordshire, County of",2021,187039,13619,14580,13623,12484,13014,9735,6696,4150,2398
E06000020,Telford and Wrekin,1991,139564,7715,6448,6093,5636,4390,3543,2144,1036,357
E06000020,Telford and Wrekin,2001,158325,11126,8960,7454,5872,4958,4045,2649,1472,630
E06000020,Telford and Wrekin,2011,166641,10502,9866,10010,7934,5994,4439,3042,1771,909
E06000020,Telford and Wrekin,2021,185523,13476,12600,10389,9206,9103,6538,4285,2379,1193
E06000021,Stoke-on-Trent,1991,244646,12842,12517,13619,13641,10303,7948,4801,2141,703
E06000021,Stoke-on-Trent,2001,240636,16212,13629,11428,10589,10112,8803,5462,2852,1283
E06000021,Stoke-on-Trent,2011,249008,15534,14009,14721,11616,9368,7480,5639,3296,1419
E06000021,Stoke-on-Trent,2021,258375,16938,16340,14396,12332,11923,8676,6002,3484,1848
E06000022,Bath and North East Somerset,1991,158682,8842,8548,8816,8855,7358,6203,4280,2143,965
E06000022,Bath and North East Somerset,2001,169040,11948,9981,8302,7726,7375,6655,4432,2649,1322
E06000022,Bath and North East Somerset,2011,176016,11115,10134,10802,8803,7125,6041,4940,3249,1659
E06000022,Bath and North East Somerset,2021,193406,12708,12754,10809,9421,9843,7385,5339,3404,2128
E06000023,"Bristol, City of",1991,376137,18432,17794,18770,19162,16231,13318,9002,4591,1861
E06000023,"Bristol, City of",2001,380615,22376,18285,15660,14039,13906,12762,8748,4913,2313
E06000023,"Bristol, City of",2011,428234,23319,20392,20078,15222,12503,10697,8538,5798,3114
E06000023,"Bristol, City of",2021,472462,26354,25043,20538,16891,15977,11315,8166,5216,3192
E06000024,North Somerset,1991,177481,10088,9242,9307,9665,8346,7039,4903,2852,1252
E06000024,North Somerset,2001,188564,14885,12817,10428,9256,8494,8006,5469,3346,1812
E06000024,North Somerset,2011,202566,13428,12725,14654,12468,9603,7921,6122,4175,2344
E06000024,North Somerset,2021,216727,15490,15773,13501,12528,13947,10752,7291,4599,2753
E06000025,South Gloucestershire,1991,220303,13064,11902,10580,9409,7215,5747,3833,1823,665
E06000025,South Gloucestershire,2001,245641,17246,15125,12174,10811,8984,7124,4560,2564,1283
E06000025,South Gloucestershire,2011,262767,17270,15002,15748,13465,10575,8749,6086,3648,1886
E06000025,South Gloucestershire,2021,290423,20311,19862,16088,13506,14059,11333,7756,4839,2699
E06000026,Plymouth,1991,243363,12467,12071,11849,11709,9836,7975,5298,2677,989
E06000026,Plymouth,2001,240720,16050,13567,11622,10508,9403,8095,5683,3198,1587
E06000026,Plymouth,2011,256384,16367,13955,15140,12156,9843,8120,5978,3639,1979
E06000026,Plymouth,2021,264693,17618,17316,15281,12891,13169,9734,6693,4135,2347
E06000027,Torbay,1991,119661,6604,6496,6813,7566,6870,6558,4896,2645,1076
E06000027,Torbay,2001,129706,9364,8788,7708,7085,6742,6052,4615,3038,1828
E06000027,Torbay,2011,130959,8809,8418,10169,8594,6970,5804,4415,3190,1881
E06000027,Torbay,2021,139324,10271,10706,9873,9205,10021,7554,5134,3287,1987
E06000030,Swindon,1991,170846,8658,8201,7997,7750,5554,4324,2744,1423,583
E06000030,Swindon,2001,180051,11450,9195,7944,7191,6412,5428,3193,1761,850
E06000030,Swindon,2011,209156,13822,11634,10990,8453,6707,5633,4266,2616,1179
E06000030,Swindon,2021,233414,16782,16011,13104,10559,9835,6981,4875,3077,1745
E06000031,Peterborough,1991,153204,7577,7331,7139,6771,5332,4189,2652,1211,461
E06000031,Peterborough,2001,156061,10296,8012,6807,6362,5674,4626,3070,1605,779
E06000031,Peterborough,2011,183631,11014,9642,9382,6909,5792,5026,3803,2258,1090
E06000031,Peterborough,2021,215676,13700,12351,10404,8625,8118,5687,4105,2561,1495
E06000032,Luton,1991,171670,8987,8224,7149,6186,4722,4165,2735,1274,490
E06000032,Luton,2001,184371,10886,8716,7874,7129,5613,4263,2751,1607,766
E06000032,Luton,2011,203201,11225,9267,8346,6542,6102,5032,3408,1877,920
E06000032,Luton,2021,225259,13828,12379,9958,7773,6383,4770,3836,2364,1237
E06000033,Southend-on-Sea,1991,158531,7584,7659,8273,8790,7995,7357,5261,2731,1149
E06000033,Southend-on-Sea,2001,160257,10811,9144,7476,7228,7163,6566,4912,3167,1706
E06000033,Southend-on-Sea,2011,173658,10887,9667,10419,8468,6716,5779,4769,3223,1843
E06000033,Southend-on-Sea,2021,180685,12537,12495,10419,8815,9207,6842,4718,3059,1920
E06000034,Thurrock,1991,127824,6353,5895,6057,6299,4376,3093,1848,878,335
E06000034,Thurrock,2001,143128,10078,7683,6004,5111,4864,4453,2471,1212,568
E06000034,Thurrock,2011,157705,9453,8387,8739,5996,4742,3784,2873,1844,782
E06000034,Thurrock,2021,175997,11831,10759,8372,6712,6821,4413,3072,1786,1050
E06000035,Medway,1991,240258,12357,10803,10059,9337,7893,6009,3865,1792,667
E06000035,Medway,2001,249488,17476,13717,11173,9435,7950,6361,4458,2256,1067
E06000035,Medway,2011,263925,17205,14632,15454,11597,9055,6997,4949,2915,1492
E06000035,Medway,2021,279771,19146,18774,15665,12928,13007,8933,6025,3387,1773
E06000036,Bracknell Forest,1991,95950,4652,4185,3765,3447,2584,2073,1294,748,274
E06000036,Bracknell Forest,2001,109617,7110,5277,4115,3524,2919,2475,1600,900,446
E06000036,Bracknell Forest,2011,113205,7911,6347,5833,4213,3307,2789,1953,1247,638
E06000036,Bracknell Forest,2021,124600,9048,8361,6945,5526,5027,3536,2412,1528,841
E06000037,West Berkshire,1991,136763,7385,6483,5896,5259,4225,3512,2402,1170,486
E06000037,West Berkshire,2001,144483,10984,8756,6593,5605,4741,3855,2656,1518,783
E06000037,West Berkshire,2011,153822,10965,9506,9753,7406,5543,4337,3253,2065,1022
E06000037,West Berkshire,2021,161447,12596,11748,9971,8470,8583,6314,4171,2493,1481
E06000038,Reading,1991,128911,6390,5872,5677,5346,4496,3892,2611,1324,479
E06000038,Reading,2001,143096,7944,6341,5464,4757,4484,3749,2566,1672,754
E06000038,Reading,2011,155698,8269,6851,6373,4902,4156,3396,2736,1704,938
E06000038,Reading,2021,174235,10742,9493,7433,5844,5304,4007,2931,1805,1090
E06000039,Slough,1991,105620,4831,4784,4676,4348,3371,2607,1648,734,234
E06000039,Slough,2001,119067,6555,4969,4196,3922,3741,2926,1862,1000,446
E06000039,Slough,2011,140205,7631,6391,5160,3536,3101,2626,1879,1103,579
E06000039,Slough,2021,158498,9604,7944,6636,5118,3822,2492,1979,1258,650
E06000040,Windsor and Maidenhead,1991,132458,8220,7297,6895,5980,4667,4003,2641,1327,602
E06000040,Windsor and Maidenhead,2001,133626,9989,8013,6620,5810,5133,4233,2773,1723,860
E06000040,Windsor and Maidenhead,2011,144560,9379,8161,8692,6943,5481,4617,3547,2243,1246
E06000040,Windsor and Maidenhead,2021,153495,11709,10794,8828,7198,7319,5547,4025,2597,1635
E06000041,Wokingham,1991,139159,8322,7148,5667,4419,3408,2820,1884,977,407
E06000041,Wokingham,2001,150229,11570,9054,6965,5847,4455,3277,2276,1346,716
E06000041,Wokingham,2011,154380,11173,9163,9426,7337,5715,4637,3154,1896,1050
E06000041,Wokingham,2021,177499,12600,11923,9794,7811,8052,6090,4269,2790,1536
E06000042,Milton Keynes,1991,176327,7852,6302,5833,5847,4533,3632,2266,990,372
E06000042,Milton Keynes,2001,207057,14900,10258,7588,6043,5335,4526,2993,1606,773
E06000042,Milton Keynes,2011,248821,16011,14099,13169,8872,6595,4884,3610,2371,1179
E06000042,Milton Keynes,2021,287057,19300,17087,14489,12226,11176,7247,4648,2636,1651
E06000043,Brighton and Hove,1991,228939,11405,10843,11804,12455,11125,10596,7998,4182,1816
E06000043,Brighton and Hove,2001,247817,14694,11690,10608,9786,9239,8605,6319,4235,2266
E06000043,Brighton and Hove,2011,273369,15345,12638,12714,9535,7925,6676,5572,3758,2226
E06000043,Brighton and Hove,2021,277107,20891,18385,13631,10916,10272,7113,5131,3368,2178
E06000044,Portsmouth,1991,174705,8348,8014,8345,8827,8133,6664,4661,2302,988
E06000044,Portsmouth,2001,186701,10577,9116,7715,7124,6627,6244,4779,2635,1264
E06000044,Portsmouth,2011,205056,11926,9312,9820,7655,6206,5210,4000,2792,1549
E06000044,Portsmouth,2021,208002,13347,12803,10520,8343,8206,5883,4136,2683,1537
E06000045,Southampton,1991,196858,9709,9489,9931,9957,8267,6760,4466,2181,860
E06000045,Southampton,2001,217445,12297,10597,8558,7863,7696,7058,5061,2712,1240
E06000045,Southampton,2011,236882,12716,10839,10946,8647,6796,5902,4759,3084,1588
E06000045,Southampton,2021,248912,14008,13773,11686,9615,8993,6640,4426,2810,1761
E06000046,Isle of Wight,1991,124597,6738,6780,7415,8207,7132,6145,4303,2275,847
E06000046,Isle of Wight,2001,132731,10135,9629,7940,7429,7085,6460,4521,2741,1467
E06000046,Isle of Wight,2011,138265,9307,9207,10994,9742,7370,6048,4724,3257,1813
E06000046,Isle of Wight,2021,140460,10263,11114,10536,10451,11233,8663,5356,3326,1991
E06000047,County Durham,1991,494524,28689,27582,27406,26349,20221,15341,10152,4649,1671
E06000047,County Durham,2001,493469,36101,29846,26770,23973,21076,17364,10694,5685,2753
E06000047,County Durham,2011,513242,35713,32950,35395,27874,23009,17850,12785,7321,3506
E06000047,County Durham,2021,522062,37933,39456,35125,31041,30716,21730,15059,8549,4242
E06000049,Cheshire East,1991,339279,20433,18351,18168,16888,13543,11031,7437,3554,1499
E06000049,Cheshire East,2001,351817,27492,22985,19164,16725,14999,12328,8298,4764,2426
E06000049,Cheshire East,2011,370127,26124,23275,26443,21074,16877,13485,10248,6347,3341
E06000049,Cheshire East,2021,398771,30278,30468,25647,22335,24352,18033,12443,7580,4482
E06000050,Cheshire West and Chester,1991,310936,18478,16779,16641,15349,11946,9494,6249,2921,1101
E06000050,Cheshire West and Chester,2001,321971,23843,19822,17297,15094,13634,10960,7177,3949,1986
E06000050,Cheshire West and Chester,2011,329608,22851,20573,22686,17832,14950,11683,8704,5215,2716
E06000050,Cheshire West and Chester,2021,357150,26045,26572,22707,19824,20556,14978,10661,6185,3542
E06000051,Shropshire,1991,266871,15863,14434,14903,14528,11494,9375,6195,3162,1190
E06000051,Shropshire,2001,283173,21332,19156,16154,14169,12931,10820,7063,4100,2111
E06000051,Shropshire,2011,306129,21004,20160,22300,19059,15153,11709,8971,5571,2836
E06000051,Shropshire,2021,323608,24309,25538,22963,20817,21951,17011,11486,6802,4021
E06000052,Cornwall,1991,466377,26502,25763,27406,27644,22823,19121,13106,6312,2654
E06000052,Cornwall,2001,499114,40744,35719,29979,26797,24751,20956,14735,8607,4479
E06000052,Cornwall,2011,532273,36853,35543,42611,35224,26543,21397,16349,10218,5510
E06000052,Cornwall,2021,570304,40713,43104,40481,37388,40401,29440,18770,11424,6716
E06000053,Isles of Scilly,1991,2052,121,113,133,102,86,72,48,25,8
E06000053,Isles of Scilly,2001,2153,189,159,128,106,117,77,56,30,17
E06000053,Isles of Scilly,2011,2203,155,142,172,164,107,81,84,37,33
E06000053,Isles of Scilly,2021,2058,155,171,124,123,154,128,96,40,39
E06000054,Wiltshire,1991,393621,21405,19946,19709,19388,16013,13379,9109,4425,1795
E06000054,Wiltshire,2001,432973,31453,25865,21770,19372,17654,14992,10184,5978,3059
E06000054,Wiltshire,2011,470981,32734,28863,31246,25135,19935,16189,12267,7725,4237
E06000054,Wiltshire,2021,510336,37589,37991,33055,28789,29914,22406,15274,9561,5585
E06000055,Bedford,1991,133678,7363,6921,6686,6001,4794,3956,2596,1317,560
E06000055,Bedford,2001,147911,10321,8197,6787,6067,5581,4604,3052,1793,881
E06000055,Bedford,2011,157479,10206,8917,9303,7045,5716,4900,3780,2297,1130
E06000055,Bedford,2021,185228,13033,12036,9971,8379,8339,5867,4168,2667,1605
E06000056,Central Bedfordshire,1991,218742,11926,10622,9476,8693,6738,5427,3635,1803,647
E06000056,Central Bedfordshire,2001,233661,17447,13683,11019,9565,7964,6530,4074,2438,1044
E06000056,Central Bedfordshire,2011,254381,18150,15504,16292,12435,9510,7825,5407,3175,1537
E06000056,Central Bedfordshire,2021,294251,21071,20963,17516,14413,14691,10579,6961,4143,2161
E06000057,Northumberland,1991,304694,17417,16946,16756,16797,12971,10291,6670,3262,1205
E06000057,Northumberland,2001,307190,24653,19877,17237,15751,13681,11491,7231,3972,1912
E06000057,Northumberland,2011,316028,24121,22172,24533,19062,15304,12249,8769,5233,2687
E06000057,Northumberland,2021,320565,23214,25775,24758,22584,22975,15812,10593,6248,3337
E06000058,"Bournemouth, Christchurch and Poole",1991,325247,16818,17068,18697,20417,18154,16622,12313,6513,2837
E06000058,"Bournemouth, Christchurch and Poole",2001,346597,23356,20319,17891,17562,17884,16669,11901,7481,4112
E06000058,"Bournemouth, Christchurch and Poole",2011,378888,22782,20831,23739,19573,16194,14759,12571,8621,4938
E06000058,"Bournemouth, Christchurch and Poole",2021,400192,26856,26526,23406,20818,22596,17095,12204,8258,5454
E06000059,Dorset,1991,319967,17281,17242,19154,20703,17691,14997,10054,4698,2021
E06000059,Dorset,2001,346115,26366,23799,20261,19993,19273,16696,11833,6989,3387
E06000059,Dorset,2011,365153,25394,24404,29483,25153,20294,17312,13630,8815,4754
E06000059,Dorset,2021,379578,26915,29764,28801,27019,30417,22890,15737,9918,6294
E06000060,Buckinghamshire,1991,454733,27221,24470,21599,18854,14509,12435,8617,4423,1714
E06000060,Buckinghamshire,2001,479026,35812,29484,23489,20775,16955,13857,9210,5740,3140
E06000060,Buckinghamshire,2011,505283,35538,30419,31242,24689,20001,16317,11932,7287,3925
E06000060,Buckinghamshire,2021,553081,40665,39261,32662,26839,27061,20389,14691,9343,5390
E06000061,North Northamptonshire,1991,264664,13973,12603,12600,12527,9892,8137,5394,2655,1143
E06000061,North Northamptonshire,2001,284087,21076,17136,13680,11613,10606,9052,5974,3345,1634
E06000061,North Northamptonshire,2011,316851,20662,18938,20744,15841,11826,9198,6843,4367,2170
E06000061,North Northamptonshire,2021,359525,26461,24910,20473,18016,18393,13071,8256,4848,2777
E06000062,West Northamptonshire,1991,314161,15963,14346,13806,13767,11235,8999,5853,3070,1234
E06000062,West Northamptonshire,2001,345589,25674,20011,15270,13046,11825,9972,6733,3658,1868
E06000062,West Northamptonshire,2011,375101,24819,21819,23660,17492,12970,10204,7690,4885,2550
E06000062,West Northamptonshire,2021,425726,30242,28893,23528,19761,20499,14344,9286,5559,3228
E06000063,Cumberland,1991,267527,15338,14858,15055,14299,11471,8753,5713,2784,1004
E06000063,Cumberland,2001,263549,19957,16196,14776,13466,11878,9692,6392,3336,1715
E06000063,Cumberland,2011,274549,20137,17953,20078,15595,13090,10380,7483,4488,2248
E06000063,Cumberland,2021,273244,20467,21517,19813,17076,17607,12038,8639,5189,2666
E06000064,Westmorland and Furness,1991,215590,12740,11788,12456,11870,10287,8289,5466,2796,1007
E06000064,Westmorland and Furness,2001,224058,17556,14947,13390,11789,10704,8747,6245,3504,1862
E06000064,Westmorland and Furness,2011,225309,16221,15281,17944,14845,11880,9164,7174,4257,2285
E06000064,Westmorland and Furness,2021,226587,17386,18502,16915,14913,16059,11713,8185,4732,2704
E06000065,North Yorkshire,1991,535528,31158,29302,29532,28727,23323,20054,14018,7238,3014
E06000065,North Yorkshire,2001,569660,44499,36991,32083,28308,25588,21338,14571,8931,4709
E06000065,North Yorkshire,2011,598376,42989,39656,44622,36205,29129,23455,17621,10891,5898
E06000065,North Yorkshire,2021,615487,46571,49664,45151,39965,42223,30428,21192,12875,7144
E06000066,Somerset,1991,460365,24838,24170,25757,26499,21676,18352,12470,6193,2592
E06000066,Somerset,2001,498093,38046,31819,27031,24931,24100,20884,14011,8447,4307
E06000066,Somerset,2011,529972,36477,34776,39307,32125,25338,20910,16678,10853,5756
E06000066,Somerset,2021,571550,41532,43232,38553,36136,38592,28555,19188,11762,7665
E07000008,Cambridge,1991,91918,4389,4144,4275,4353,3850,3457,2351,1213,480
E07000008,Cambridge,2001,108863,5726,4798,3975,3489,3376,3064,2259,1464,709
E07000008,Cambridge,2011,123867,5908,5357,4973,3832,3045,2722,2306,1682,1014
E07000008,Cambridge,2021,145676,7794,6923,5335,4558,4143,3116,2370,1446,982
E07000009,East Cambridgeshire,1991,60420,3371,3183,3250,3036,2463,2076,1351,759,241
E07000009,East Cambridgeshire,2001,73214,5321,4573,3703,3490,3024,2471,1586,990,453
E07000009,East Cambridgeshire,2011,83818,5478,4924,5469,4239,3301,2735,2132,1244,656
E07000009,East Cambridgeshire,2021,87762,6457,6160,5340,4712,4985,3569,2508,1554,890
E07000010,Fenland,1991,74436,4042,4169,4434,4484,3497,2648,1812,856,319
E07000010,Fenland,2001,83519,6102,5147,4549,4439,4144,3368,2147,1194,647
E07000010,Fenland,2011,95262,6221,6112,6616,5523,4572,3779,2919,1690,836
E07000010,Fenland,2021,102457,7423,7525,6608,6165,6314,4719,3172,1914,1115
E07000011,Huntingdonshire,1991,144116,7613,6213,5668,5362,4119,3502,2351,1169,439
E07000011,Huntingdonshire,2001,156954,12085,9695,7482,5856,5134,4167,2816,1554,786
E07000011,Huntingdonshire,2011,169508,11759,10325,11402,8875,6614,4890,3567,2186,1168
E07000011,Huntingdonshire,2021,180832,13251,13130,11234,9572,10244,7516,4947,2710,1551
E07000012,South Cambridgeshire,1991,121055,6731,5916,5565,4984,4132,3497,2449,1259,472
E07000012,South Cambridgeshire,2001,130108,10333,8197,6285,5306,4767,3891,2706,1665,827
E07000012,South Cambridgeshire,2011,148755,10168,8945,9756,7515,5624,4576,3590,2244,1153
E07000012,South Cambridgeshire,2021,162116,11826,11170,9301,8083,8504,6390,4423,2691,1712
E07000032,Amber Valley,1991,111927,6358,5912,5845,5902,4983,3865,2665,1266,477
E07000032,Amber Valley,2001,116471,9258,7731,6024,5281,4758,4178,2910,1542,802
E07000032,Amber Valley,2011,122309,8512,7958,9179,7219,5277,4158,3074,1981,1070
E07000032,Amber Valley,2021,126205,9928,9849,8440,7492,8161,5880,3664,2118,1161
E07000033,Bolsover,1991,70394,3883,3902,3886,3988,3200,2313,1419,698,219
E07000033,Bolsover,2001,71766,4907,4636,3709,3513,3155,2710,1793,895,391
E07000033,Bolsover,2011,75866,5173,4611,5032,4354,3183,2601,1904,1136,606
E07000033,Bolsover,2021,80277,6396,6053,5274,4392,4445,3476,2082,1180,638
E07000034,Chesterfield,1991,99380,5426,5105,5496,5685,4601,3474,2189,1047,401
E07000034,Chesterfield,2001,98845,7223,6066,4994,4531,4407,3968,2571,1369,626
E07000034,Chesterfield,2011,103788,7207,6453,6956,5652,4453,3565,2843,1918,860
E07000034,Chesterfield,2021,103569,7699,7929,6912,6046,6030,4481,2992,1806,1027
E07000035,Derbyshire Dales,1991,67594,4226,3924,3764,3741,3088,2568,1806,865,344
E07000035,Derbyshire Dales,2001,69469,5980,5104,4069,3689,3117,2762,1893,1124,565
E07000035,Derbyshire Dales,2011,71116,5357,5185,6075,4826,3680,2969,2165,1438,749
E07000035,Derbyshire Dales,2021,71536,5881,6338,5644,5106,5535,4105,2705,1638,928
E07000036,Erewash,1991,106136,5886,5463,5274,5138,4246,3365,2254,1088,442
E07000036,Erewash,2001,110099,7967,6781,5414,4893,4273,3663,2480,1399,718
E07000036,Erewash,2011,112081,7498,6644,7211,5954,4703,3947,2757,1714,921
E07000036,Erewash,2021,112902,8757,8531,7033,6066,6423,4833,3203,1966,993
E07000037,High Peak,1991,85085,4780,4244,4144,3881,2990,2681,1850,885,327
E07000037,High Peak,2001,89433,6950,5488,4533,3820,3452,2769,2018,1166,587
E07000037,High Peak,2011,90892,6758,5979,6431,4945,3697,2905,2154,1262,706
E07000037,High Peak,2021,90930,7364,7576,6655,5516,5580,3995,2544,1437,764
E07000038,North East Derbyshire,1991,97603,5801,5470,5368,5238,4280,2904,1878,806,289
E07000038,North East Derbyshire,2001,96940,7805,6893,5584,4919,4419,3772,2484,1195,526
E07000038,North East Derbyshire,2011,99023,7230,6712,7655,6567,5112,3893,2814,1674,858
E07000038,North East Derbyshire,2021,102000,7740,7825,7131,6438,6878,5468,3557,1979,1009
E07000039,South Derbyshire,1991,71740,3948,3735,3630,3638,2788,2107,1357,687,250
E07000039,South Derbyshire,2001,81562,6204,4983,3902,3367,3029,2557,1631,870,405
E07000039,South Derbyshire,2011,94611,6242,5884,6231,4738,3429,2710,2016,1153,581
E07000039,South Derbyshire,2021,107203,8405,7757,6332,5677,5582,3993,2437,1472,775
E07000040,East Devon,1991,115884,6144,6203,7629,8720,7701,6998,5116,2714,1053
E07000040,East Devon,2001,125520,9136,8782,8083,7823,8108,7410,5170,3372,1833
E07000040,East Devon,2011,132457,8684,8804,10907,9857,8269,6954,5923,4043,2300
E07000040,East Devon,2021,150821,10515,10940,10579,10343,11906,9363,6566,4215,2833
E07000041,Exeter,1991,98149,5197,4882,5044,4938,4164,3607,2552,1307,505
E07000041,Exeter,2001,111076,7005,5686,4973,4553,4276,3784,2666,1697,851
E07000041,Exeter,2011,117773,6683,5890,6147,4750,3997,3427,3009,2011,1075
E07000041,Exeter,2021,130712,7778,7372,6359,5495,5683,4199,3130,1966,1254
E07000042,Mid Devon,1991,64297,3640,3416,3654,3393,2876,2497,1662,821,363
E07000042,Mid Devon,2001,69774,5429,4741,3951,3507,3298,2631,1807,1151,593
E07000042,Mid Devon,2011,77750,5436,5143,5831,4797,3715,2880,2283,1430,760
E07000042,Mid Devon,2021,82848,6189,6354,5654,5183,5416,4019,2643,1638,990
E07000043,North Devon,1991,84785,4801,4685,4733,4818,4143,3551,2556,1268,587
E07000043,North Devon,2001,87508,6938,6160,5222,4800,4276,3678,2533,1565,798
E07000043,North Devon,2011,93667,6429,6051,7239,6155,4782,3867,2989,1911,1104
E07000043,North Devon,2021,98608,7110,7638,7119,6296,6925,5297,3441,2187,1308
E07000044,South Hams,1991,77551,4315,4268,4547,4711,3894,3369,2244,1152,485
E07000044,South Hams,2001,81849,6869,5944,4819,4470,4153,3553,2480,1570,823
E07000044,South Hams,2011,83140,6346,6231,7479,6034,4469,3688,2774,1828,961
E07000044,South Hams,2021,88628,6537,7361,7146,6502,6998,5029,3250,2060,1242
E07000045,Teignbridge,1991,108223,5950,5941,6613,7018,5902,5140,3696,1914,915
E07000045,Teignbridge,2001,120958,9291,8140,6850,6695,6361,5772,4019,2368,1299
E07000045,Teignbridge,2011,124220,8671,8609,9980,8397,6352,5357,4302,2997,1611
E07000045,Teignbridge,2021,134805,9770,10827,9849,9318,9872,7500,4791,3064,1892
E07000046,Torridge,1991,52126,2938,2925,3133,3178,2503,2201,1474,751,302
E07000046,Torridge,2001,58965,4841,4347,3732,3344,2974,2505,1634,1029,546
E07000046,Torridge,2011,63839,4508,4579,5559,4687,3480,2819,2032,1306,654
E07000046,Torridge,2021,68122,5070,5510,5448,5053,5445,3954,2450,1524,899
E07000047,West Devon,1991,45896,2803,2589,2627,2650,2108,1900,1304,754,327
E07000047,West Devon,2001,48843,4106,3766,3024,2656,2332,1982,1348,888,472
E07000047,West Devon,2011,53553,3932,3815,4487,3835,2844,2238,1704,1119,650
E07000047,West Devon,2021,57093,4274,4901,4472,4150,4464,3343,2182,1342,789
E07000061,Eastbourne,1991,81391,3834,3833,4779,5413,5370,5204,3989,2210,1015
E07000061,Eastbourne,2001,89667,5697,4845,4584,4665,5054,4748,3743,2465,1493
E07000061,Eastbourne,2011,99412,6008,5544,6639,5350,4735,4223,3797,2586,1612
E07000061,Eastbourne,2021,101685,6900,7113,6357,5789,6529,4875,3680,2392,1651
E07000062,Hastings,1991,80803,3862,3771,4042,4191,3885,3666,2710,1532,679
E07000062,Hastings,2001,85029,5995,4891,3989,3827,3475,3089,2508,1523,892
E07000062,Hastings,2011,90254,6109,5395,6092,4525,3424,2824,2212,1515,901
E07000062,Hastings,2021,91006,6979,6886,5847,5194,5139,3492,2314,1403,876
E07000063,Lewes,1991,87395,4756,4643,4970,5502,4942,4225,3120,1591,626
E07000063,Lewes,2001,92177,6863,5979,5122,5069,5009,4387,3305,2015,1024
E07000063,Lewes,2011,97502,6652,6391,7214,5981,4908,4271,3460,2232,1302
E07000063,Lewes,2021,99912,7410,7488,6752,6400,6995,5269,3743,2457,1604
E07000064,Rother,1991,81682,4254,4473,5270,6264,5916,5400,4105,2238,1047
E07000064,Rother,2001,85428,6444,5681,5437,5579,5564,5339,3984,2436,1485
E07000064,Rother,2011,90588,6014,6017,7962,6696,5569,4839,4035,2836,1788
E07000064,Rother,2021,93111,6516,7348,7008,6866,8321,6247,4256,2754,1747
E07000065,Wealden,1991,130229,7187,6911,6993,7376,6768,6223,4676,2382,937
E07000065,Wealden,2001,140023,11059,9761,8024,7584,7027,6041,4570,2886,1468
E07000065,Wealden,2011,148915,10606,9846,11615,9944,7634,6450,5020,3180,1914
E07000065,Wealden,2021,160146,12106,12733,11542,10353,11541,8914,5821,3644,2216
E07000066,Basildon,1991,161120,8591,8242,7695,7052,5470,4170,2492,1116,425
E07000066,Basildon,2001,165668,11741,9340,7751,7228,6362,5077,3268,1729,732
E07000066,Basildon,2011,174497,11571,9732,10497,7892,6593,5713,4155,2375,1160
E07000066,Basildon,2021,187576,13034,12290,10456,8365,8783,6154,4348,2822,1425
E07000067,Braintree,1991,118883,6240,5474,5381,5232,4467,3792,2535,1366,490
E07000067,Braintree,2001,132179,10301,8006,6101,5281,4787,4159,2874,1735,921
E07000067,Braintree,2011,147084,9673,9048,9967,7418,5615,4376,3496,2258,1250
E07000067,Braintree,2021,155267,11860,11073,9348,8385,9016,6350,4146,2412,1439
E07000068,Brentwood,1991,70571,4480,4311,4212,3718,2801,2262,1504,777,281
E07000068,Brentwood,2001,68456,5262,4359,3710,3528,3209,2605,1782,992,492
E07000068,Brentwood,2011,73601,5147,4354,4759,3701,3192,2786,2180,1453,737
E07000068,Brentwood,2021,77045,5566,5631,4511,3792,3973,2932,2236,1577,1024
E07000069,Castle Point,1991,86561,5276,4592,4221,3963,3205,2501,1603,737,259
E07000069,Castle Point,2001,86608,7485,6242,5045,4369,3707,3118,2022,1071,487
E07000069,Castle Point,2011,88011,5918,5642,7136,5799,4686,3666,2536,1532,782
E07000069,Castle Point,2021,89591,6434,6413,5683,5264,6436,4831,3231,1880,959
E07000070,Chelmsford,1991,152419,8474,7634,6888,6189,5060,4176,2762,1275,497
E07000070,Chelmsford,2001,157072,11881,9567,7493,6670,5719,4634,3248,1880,833
E07000070,Chelmsford,2011,168310,11157,10047,10972,8239,6469,5446,4092,2495,1277
E07000070,Chelmsford,2021,181527,12896,12068,10170,8782,9655,7003,4885,3081,1751
E07000071,Colchester,1991,142529,7518,6708,6552,6183,5274,4478,2929,1516,601
E07000071,Colchester,2001,155796,11477,8943,7145,6174,5676,4758,3343,2046,953
E07000071,Colchester,2011,173074,10488,9399,10842,8200,6243,5216,3931,2398,1320
E07000071,Colchester,2021,192716,13030,11994,10022,8590,9704,6932,4567,2842,1675
E07000072,Epping Forest,1991,116023,6971,6640,6654,6255,4921,4073,2641,1188,452
E07000072,Epping Forest,2001,120896,9223,7814,6074,5301,5221,4427,2917,1712,814
E07000072,Epping Forest,2011,124659,8625,7619,8295,6426,5038,4274,3469,2178,1165
E07000072,Epping Forest,2021,134981,9963,9845,8101,6736,6991,5173,3602,2305,1462
E07000073,Harlow,1991,74630,3869,4203,4365,3679,2496,1717,965,437,185
E07000073,Harlow,2001,78768,4632,3711,3357,3423,3309,2475,1421,671,281
E07000073,Harlow,2011,81944,5442,4633,4143,3136,2777,2644,2139,1085,524
E07000073,Harlow,2021,93334,6030,5845,4975,4026,3407,2439,1800,1230,713
E07000074,Maldon,1991,52860,3090,2629,2415,2286,2010,1669,1186,594,262
E07000074,Maldon,2001,59418,5039,4236,3232,2746,2176,1731,1331,749,370
E07000074,Maldon,2011,61629,4611,4339,5101,4027,2949,2317,1562,916,603
E07000074,Maldon,2021,66208,5298,5221,4801,4181,4684,3418,2245,1318,704
E07000075,Rochford,1991,75372,4517,4236,4059,3817,3006,2418,1546,779,285
E07000075,Rochford,2001,78489,6210,5115,4341,3973,3480,2879,1850,1082,440
E07000075,Rochford,2011,83287,5736,5308,6106,4852,3981,3332,2393,1435,686
E07000075,Rochford,2021,85667,6558,6344,5467,4750,5544,4112,2837,1838,921
E07000076,Tendring,1991,125832,6466,6693,7873,9559,8502,7325,5085,2564,1003
E07000076,Tendring,2001,138539,9829,9139,9037,8785,8638,7930,5631,3401,1673
E07000076,Tendring,2011,138048,8825,8725,11348,10221,8607,7185,5612,3653,1995
E07000076,Tendring,2021,148287,10105,11105,10762,10319,12079,9228,6239,3787,2217
E07000077,Uttlesford,1991,65433,3812,3397,3192,2691,2257,2000,1358,701,248
E07000077,Uttlesford,2001,68946,5685,4569,3482,2958,2625,2027,1516,914,493
E07000077,Uttlesford,2011,79443,5981,4961,5330,4196,3066,2485,1921,1193,714
E07000077,Uttlesford,2021,91340,7073,6831,5846,4821,4983,3676,2387,1572,991
E07000078,Cheltenham,1991,103109,5354,5080,5198,5619,4623,3922,2683,1337,588
E07000078,Cheltenham,2001,110013,7043,5863,5023,4594,4509,4366,2929,1798,909
E07000078,Cheltenham,2011,115732,7051,6263,6385,5090,4321,3628,2964,2161,1165
E07000078,Cheltenham,2021,118833,7896,8030,6641,5626,5826,4427,3337,2256,1411
E07000079,Cotswold,1991,73955,4059,4000,4313,4384,3679,3133,2132,1031,422
E07000079,Cotswold,2001,80376,6397,5358,4291,4141,3921,3520,2395,1404,681
E07000079,Cotswold,2011,82881,6182,5783,6379,5280,4146,3492,2789,1816,966
E07000079,Cotswold,2021,90834,6872,7413,6489,6008,6315,4827,3257,2080,1178
E07000080,Forest of Dean,1991,75340,4484,4151,4030,4139,3289,2569,1656,852,317
E07000080,Forest of Dean,2001,79982,6412,5382,4527,3913,3356,2958,1978,1098,532
E07000080,Forest of Dean,2011,81961,5932,5700,6381,5290,4090,3138,2236,1455,777
E07000080,Forest of Dean,2021,87006,6555,6951,6245,5786,6034,4450,2940,1645,956
E07000081,Gloucester,1991,101617,5233,4831,5035,5079,3665,3039,1899,975,408
E07000081,Gloucester,2001,109885,6954,5910,4850,4371,4271,3713,2245,1283,556
E07000081,Gloucester,2011,121688,7997,6589,6585,5324,4152,3360,2732,1708,789
E07000081,Gloucester,2021,132409,9196,9007,7586,5942,5720,4463,3009,1882,1100
E07000082,Stroud,1991,103644,5916,5444,5427,5399,4382,3683,2598,1284,485
E07000082,Stroud,2001,107898,8614,7063,5671,4974,4608,4056,2737,1724,902
E07000082,Stroud,2011,112779,8303,7671,8292,6574,5107,4122,3110,2015,1049
E07000082,Stroud,2021,121103,9489,9382,8482,7409,7745,5560,3766,2388,1362
E07000083,Tewkesbury,1991,70697,4365,3756,3800,3777,3056,2393,1565,736,271
E07000083,Tewkesbury,2001,76405,5799,5096,4251,3636,3317,2911,2019,1158,534
E07000083,Tewkesbury,2011,81943,5754,5251,5717,4835,4001,3083,2322,1516,752
E07000083,Tewkesbury,2021,94888,6680,6920,5922,5391,5627,4312,3037,1704,1040
E07000084,Basingstoke and Deane,1991,144782,7954,6922,6082,5478,4183,3399,2201,991,419
E07000084,Basingstoke and Deane,2001,152573,11545,8959,6879,5715,4844,3800,2502,1423,702
E07000084,Basingstoke and Deane,2011,167799,11439,9543,10189,7700,5747,4583,3223,1945,953
E07000084,Basingstoke and Deane,2021,185148,13697,12958,10378,8516,8941,6385,4308,2480,1380
E07000085,East Hampshire,1991,103469,5954,5132,4800,4419,3744,3208,2208,1144,494
E07000085,East Hampshire,2001,109274,8621,7067,5589,4780,4223,3475,2494,1519,830
E07000085,East Hampshire,2011,115608,8772,7553,8236,6647,5159,4122,3191,2045,1139
E07000085,East Hampshire,2021,125741,9630,9860,8722,7301,7731,5870,4112,2577,1469
E07000086,Eastleigh,1991,105993,5820,5033,5039,4641,3674,2912,1797,932,350
E07000086,Eastleigh,2001,116169,8506,6670,5459,4707,4369,3657,2412,1377,663
E07000086,Eastleigh,2011,125199,8843,7647,8074,5980,4951,3974,3136,1838,952
E07000086,Eastleigh,2021,136446,9533,9342,8109,6949,7074,5148,3769,2274,1419
E07000087,Fareham,1991,99267,5801,5619,5219,4922,3793,3096,2065,938,398
E07000087,Fareham,2001,107977,8153,7008,5764,5449,4731,3848,2523,1466,782
E07000087,Fareham,2011,111581,8053,6961,7836,6577,5244,4491,3387,2024,1053
E07000087,Fareham,2021,114503,8413,8938,7920,6625,7437,5769,4051,2708,1509
E07000088,Gosport,1991,75049,3421,3485,3415,3242,2826,2369,1553,782,296
E07000088,Gosport,2001,76415,4990,3984,3417,3436,3087,2523,1763,1027,534
E07000088,Gosport,2011,82622,5688,4603,5172,3948,3255,2858,2054,1327,664
E07000088,Gosport,2021,81955,5834,6031,5428,4515,4846,3456,2343,1502,852
E07000089,Hart,1991,80933,4973,3973,3118,2622,2089,1723,1338,608,278
E07000089,Hart,2001,83505,6651,5452,4219,3263,2598,2083,1399,817,476
E07000089,Hart,2011,91033,6316,5354,5881,4732,3692,2782,1970,1209,633
E07000089,Hart,2021,99409,7451,7223,5771,4712,5197,4113,2887,1700,966
E07000090,Havant,1991,119683,6831,6768,6813,6236,4815,3657,2331,1223,492
E07000090,Havant,2001,116849,8388,7326,6488,6309,5877,4530,2924,1678,794
E07000090,Havant,2011,120684,8485,7517,8196,7011,5854,5147,3987,2254,1172
E07000090,Havant,2021,124207,8831,9357,8667,7479,7916,6070,4340,2841,1574
E07000091,New Forest,1991,160485,8816,8706,9359,10080,8623,7377,4996,2588,1123
E07000091,New Forest,2001,169331,12854,11356,9761,9533,9292,8319,5980,3484,1679
E07000091,New Forest,2011,176462,12097,11748,13889,11741,9685,8428,6956,4681,2651
E07000091,New Forest,2021,175778,12644,14020,12797,12163,13533,10382,7451,4905,3207
E07000092,Rushmoor,1991,82532,3984,3344,3087,2810,2297,1963,1307,639,265
E07000092,Rushmoor,2001,90987,5698,4181,3415,2984,2604,2193,1469,877,419
E07000092,Rushmoor,2011,93807,5665,4572,4611,3476,2766,2043,1583,1015,561
E07000092,Rushmoor,2021,99758,6953,6587,5035,4056,4217,3065,2047,1109,636
E07000093,Test Valley,1991,101398,5826,5127,4679,4249,3653,2888,2014,952,355
E07000093,Test Valley,2001,109801,8569,7165,5422,4643,4052,3300,2374,1357,763
E07000093,Test Valley,2011,116398,8392,7316,8323,6640,4995,4013,2912,1826,1011
E07000093,Test Valley,2021,130488,9734,9642,8164,6863,7580,5688,3799,2419,1322
E07000094,Winchester,1991,96410,5767,5276,5245,4760,4016,3414,2456,1264,558
E07000094,Winchester,2001,107222,8266,6741,5331,4844,4476,3696,2723,1703,959
E07000094,Winchester,2011,116595,7985,6934,7672,6193,4971,4046,3286,2069,1214
E07000094,Winchester,2021,127448,8995,8956,7668,6479,6932,5362,3775,2418,1614
E07000095,Broxbourne,1991,81427,4790,4682,4126,3506,2635,2191,1252,591,194
E07000095,Broxbourne,2001,87054,6090,5063,4296,4055,3397,2533,1580,857,387
E07000095,Broxbourne,2011,93609,6129,5048,5349,4324,3721,3136,2300,1246,569
E07000095,Broxbourne,2021,99005,7145,6759,5459,4312,4503,3397,2549,1608,870
E07000096,Dacorum,1991,132267,6954,6967,6760,6209,4614,3670,2401,1151,497
E07000096,Dacorum,2001,137799,9801,7590,6125,5775,5358,4505,2808,1623,743
E07000096,Dacorum,2011,144847,10211,8742,8374,6274,5036,4618,3580,2267,1108
E07000096,Dacorum,2021,155082,10847,10735,9076,7269,7023,5022,3638,2482,1529
E07000098,Hertsmere,1991,87578,4634,4485,4707,4652,3889,2974,1875,1003,450
E07000098,Hertsmere,2001,94450,6734,5100,4162,3787,3697,3438,2420,1366,671
E07000098,Hertsmere,2011,100031,6690,5680,5778,4475,3523,3096,2578,1748,908
E07000098,Hertsmere,2021,107822,7563,7460,5998,4869,4972,3671,2656,1828,1140
E07000099,North Hertfordshire,1991,112012,6161,5836,5335,5164,4284,3708,2466,1170,430
E07000099,North Hertfordshire,2001,116908,8375,6773,5643,5085,4395,3879,2672,1697,865
E07000099,North Hertfordshire,2011,127114,8530,7234,7758,5950,4883,4381,3120,2215,1162
E07000099,North Hertfordshire,2021,133211,9470,9425,7762,6544,6748,5011,3664,2455,1412
E07000102,Three Rivers,1991,78452,4591,4403,4214,3943,3264,2736,1808,853,336
E07000102,Three Rivers,2001,82848,6288,4785,3929,3762,3267,2793,2004,1217,640
E07000102,Three Rivers,2011,87317,6000,5137,5314,4001,3326,3007,2160,1425,787
E07000102,Three Rivers,2021,93774,6925,6745,5420,4429,4463,3288,2266,1635,885
E07000103,Watford,1991,74540,3789,3617,3256,2962,2424,2217,1565,761,282
E07000103,Watford,2001,79726,4782,3875,3254,2852,2590,2178,1490,936,506
E07000103,Watford,2011,90301,5361,4385,3996,3143,2600,2153,1676,1013,566
E07000103,Watford,2021,102244,6797,5834,4634,3614,3277,2433,1766,1114,683
E07000105,Ashford,1991,92325,5066,4641,4526,4584,3903,3063,2023,959,408
E07000105,Ashford,2001,102661,7602,6353,5118,4648,4038,3510,2452,1361,608
E07000105,Ashford,2011,117956,7471,6749,7679,6195,4614,3697,2729,1792,941
E07000105,Ashford,2021,132752,9954,9291,7449,6654,7238,5401,3508,2061,1138
E07000106,Canterbury,1991,123932,6508,6066,7023,7525,6653,5631,3980,2105,996
E07000106,Canterbury,2001,135278,9143,8032,6912,6201,6207,5666,4141,2518,1273
E07000106,Canterbury,2011,151145,8727,8387,9656,7950,6391,5198,4342,2921,1643
E07000106,Canterbury,2021,157431,9878,10217,9127,8534,9382,6907,4732,2828,1871
E07000107,Dartford,1991,79431,4460,4381,4142,3745,2800,2199,1578,745,300
E07000107,Dartford,2001,85911,5661,4533,4025,3600,3251,2543,1614,916,486
E07000107,Dartford,2011,97365,6132,5064,5093,3890,3208,2843,2134,1240,637
E07000107,Dartford,2021,116756,7655,7063,5565,4350,4252,2971,2252,1427,788
E07000108,Dover,1991,103220,5600,5440,5477,5725,5019,3987,2742,1463,614
E07000108,Dover,2001,104566,7745,6612,5624,5265,4732,4130,3008,1663,854
E07000108,Dover,2011,111674,7751,7290,8224,6725,5196,4149,3254,2022,1171
E07000108,Dover,2021,116407,8123,8829,8121,7382,7673,5673,3733,2190,1248
E07000109,Gravesham,1991,92414,5367,5064,4797,4286,3397,2601,1664,790,311
E07000109,Gravesham,2001,95717,6796,5685,4840,4407,3821,2899,1958,1065,501
E07000109,Gravesham,2011,101720,6437,5568,5874,4631,3886,3350,2375,1348,700
E07000109,Gravesham,2021,106899,7460,7136,5742,4832,4877,3587,2628,1663,827
E07000110,Maidstone,1991,136220,7951,6951,6423,6074,5045,4200,2876,1297,546
E07000110,Maidstone,2001,138948,10985,8814,7226,6077,5283,4443,3080,1774,882
E07000110,Maidstone,2011,155143,10300,9246,10201,7997,6272,4993,3738,2285,1229
E07000110,Maidstone,2021,175778,12578,11876,9919,8537,9299,6662,4626,2849,1550
E07000111,Sevenoaks,1991,108814,6589,6152,6030,5155,4097,3442,2327,1206,449
E07000111,Sevenoaks,2001,109305,8849,7148,5887,5357,4726,3743,2614,1532,829
E07000111,Sevenoaks,2011,114893,8030,7202,8188,6318,4966,4194,3252,1908,1029
E07000111,Sevenoaks,2021,120516,8846,8754,7359,6412,6931,5154,3606,2366,1460
E07000112,Folkestone and Hythe,1991,91468,4951,4569,5052,5352,4889,4189,3167,1598,666
E07000112,Folkestone and Hythe,2001,96238,7078,6010,5386,4799,4601,4199,2944,1820,944
E07000112,Folkestone and Hythe,2011,107969,7166,6616,8142,6418,5175,4124,3289,2141,1268
E07000112,Folkestone and Hythe,2021,109754,8013,8375,7552,6920,7771,5564,3699,2153,1320
E07000113,Swale,1991,115761,6212,5643,5636,5266,4447,3556,2249,1156,423
E07000113,Swale,2001,122801,9251,7541,6178,5262,4728,3786,2555,1392,669
E07000113,Swale,2011,135835,8979,7986,9224,7180,5511,4168,3105,1744,915
E07000113,Swale,2021,151678,10590,10703,8942,7645,8331,5838,3837,2105,1156
E07000114,Thanet,1991,123695,6231,6006,7207,8379,7552,6533,4445,2332,987
E07000114,Thanet,2001,126702,8894,7795,6819,6488,6597,6243,4373,2525,1342
E07000114,Thanet,2011,134186,8461,8080,9581,7908,6401,5238,4333,2866,1667
E07000114,Thanet,2021,140585,9762,9974,8997,8473,9281,6764,4472,2629,1636
E07000115,Tonbridge and Malling,1991,101718,6132,5633,4918,4346,3510,2773,1878,937,378
E07000115,Tonbridge and Malling,2001,107561,8075,6700,5490,5046,4064,3172,2144,1199,584
E07000115,Tonbridge and Malling,2011,120805,8330,6900,7593,6088,4953,4033,2917,1580,856
E07000115,Tonbridge and Malling,2021,132196,9859,9407,7672,6346,6827,5129,3643,2188,1172
E07000116,Tunbridge Wells,1991,99569,5603,5228,4991,4585,3961,3414,2650,1568,681
E07000116,Tunbridge Wells,2001,104030,7913,6174,5158,4588,4029,3382,2485,1519,905
E07000116,Tunbridge Wells,2011,115049,7652,6401,7029,5487,4157,3545,2948,1836,1102
E07000116,Tunbridge Wells,2021,115311,8984,8095,6746,5448,5882,4487,3159,2102,1294
E07000117,Burnley,1991,91148,4667,4446,4469,4563,3459,2967,2093,976,359
E07000117,Burnley,2001,89542,6330,4853,4166,3661,3358,2981,1893,1083,577
E07000117,Burnley,2011,87059,5804,5239,5841,4225,3370,2622,1984,1276,657
E07000117,Burnley,2021,94649,6329,6341,5589,4732,4819,3321,2148,1179,701
E07000118,Chorley,1991,96498,5485,4541,4340,4288,3332,2694,1850,916,264
E07000118,Chorley,2001,100449,8192,6606,5179,4304,3398,2948,1896,1100,596
E07000118,Chorley,2011,107155,7357,6689,7665,5944,4437,3246,2174,1407,754
E07000118,Chorley,2021,117731,8988,8657,7294,6396,7000,4954,3188,1693,887
E07000119,Fylde,1991,70992,4053,4116,4555,4645,4004,3376,2418,1265,619
E07000119,Fylde,2001,73217,5343,4782,4231,4176,4221,3569,2480,1472,760
E07000119,Fylde,2011,75757,5548,4916,5695,5012,4118,3569,2947,1771,926
E07000119,Fylde,2021,81380,6027,6663,6326,5577,5995,4670,3202,1997,1205
E07000120,Hyndburn,1991,78371,4167,3736,4038,4007,3132,2689,1673,804,283
E07000120,Hyndburn,2001,81496,5346,4580,4018,3278,3095,2655,1756,1054,453
E07000120,Hyndburn,2011,80734,5057,4569,5054,4020,3053,2385,1798,1043,510
E07000120,Hyndburn,2021,82236,5919,5509,4774,4055,4232,3025,1978,1138,578
E07000121,Lancaster,1991,123822,6648,6702,6912,7139,5745,5235,3744,1938,755
E07000121,Lancaster,2001,133914,8926,7390,6595,6368,5841,4957,3411,2115,1136
E07000121,Lancaster,2011,138375,8659,7850,8735,7186,6070,4922,3650,2348,1189
E07000121,Lancaster,2021,142932,9503,9785,8803,7722,7956,5742,4019,2480,1429
E07000122,Pendle,1991,85114,4276,4141,4268,4356,3329,2870,2128,1001,323
E07000122,Pendle,2001,89248,6201,4831,4085,3718,3397,2983,1905,1099,626
E07000122,Pendle,2011,89452,5747,5283,5976,4307,3355,2670,2116,1292,610
E07000122,Pendle,2021,95753,6272,6145,5544,4803,4950,3302,2164,1283,741
E07000123,Preston,1991,126064,6535,6435,6332,6270,4866,4023,2787,1403,451
E07000123,Preston,2001,129633,8154,6350,5894,5487,4765,4027,2595,1351,724
E07000123,Preston,2011,140202,8396,7168,7084,5303,4606,3925,2863,1748,801
E07000123,Preston,2021,147835,9457,9309,7688,6179,5705,4003,2980,1886,1053
E07000124,Ribble Valley,1991,51765,3344,3084,2815,2721,2112,1796,1357,609,251
E07000124,Ribble Valley,2001,53960,4325,3672,3067,2748,2229,1929,1213,740,430
E07000124,Ribble Valley,2011,57132,4223,3758,4251,3497,2767,2216,1572,965,514
E07000124,Ribble Valley,2021,61558,4980,5133,4588,3760,4047,3037,2080,1271,657
E07000125,Rossendale,1991,65663,3393,3191,3169,3116,2301,2043,1395,706,253
E07000125,Rossendale,2001,65652,5025,3870,3046,2672,2424,2041,1236,735,334
E07000125,Rossendale,2011,67982,4733,4359,4721,3364,2441,1932,1453,914,437
E07000125,Rossendale,2021,70876,5551,5272,4454,3893,3991,2621,1633,974,549
E07000126,South Ribble,1991,102004,5878,5098,5088,4816,3573,2959,1806,834,286
E07000126,South Ribble,2001,103867,8024,6509,5510,4711,4167,3429,2097,1199,565
E07000126,South Ribble,2011,109057,7284,6727,7510,5896,4811,3607,2744,1629,725
E07000126,South Ribble,2021,111042,8314,8472,7097,6318,6740,4761,3310,1913,990
E07000127,West Lancashire,1991,107970,6632,5861,5286,4849,3725,3028,1980,950,344
E07000127,West Lancashire,2001,108378,8358,7132,6233,5314,4239,3311,2170,1272,618
E07000127,West Lancashire,2011,110685,7731,6943,7886,6470,5294,4020,2734,1558,799
E07000127,West Lancashire,2021,117427,8490,8931,7646,6655,7050,5269,3662,2016,1068
E07000128,Wyre,1991,101825,6052,6164,6648,7052,5472,4453,3181,1589,578
E07000128,Wyre,2001,105618,7611,6737,6593,6412,6002,5146,3144,1792,925
E07000128,Wyre,2011,107749,7505,6956,8162,7347,6474,5207,4021,2429,1147
E07000128,Wyre,2021,111949,8004,8783,8361,7559,8419,6304,4563,2670,1487
E07000129,Blaby,1991,82701,4916,4532,4092,3661,2714,2273,1516,757,290
E07000129,Blaby,2001,90252,6845,5552,4669,4150,3546,2811,1716,973,451
E07000129,Blaby,2011,93915,6492,5646,6357,5026,4073,3260,2397,1447,672
E07000129,Blaby,2021,102933,7356,7139,6337,5379,5770,4242,2973,1818,896
E07000130,Charnwood,1991,141794,7810,7338,7057,6418,5035,4426,2821,1395,530
E07000130,Charnwood,2001,153462,11058,8929,7113,6529,5869,4641,3030,1910,909
E07000130,Charnwood,2011,166100,10507,9650,10333,8064,6287,5219,4036,2372,1284
E07000130,Charnwood,2021,183978,12271,11736,10533,9324,9341,6935,4548,2892,1595
E07000131,Harborough,1991,67593,4070,3587,3346,3113,2413,2036,1443,646,274
E07000131,Harborough,2001,76559,6092,5041,3915,3463,2963,2494,1671,932,449
E07000131,Harborough,2011,85382,6179,5650,6061,4829,3641,2872,2147,1389,713
E07000131,Harborough,2021,97631,7690,7523,6357,5543,5886,4362,2974,1763,970
E07000132,Hinckley and Bosworth,1991,96207,5321,4767,4718,4535,3427,2841,2004,939,334
E07000132,Hinckley and Bosworth,2001,100141,8348,6520,5146,4534,4079,3414,2132,1280,603
E07000132,Hinckley and Bosworth,2011,105078,7316,6966,7910,6027,4547,3543,2773,1674,769
E07000132,Hinckley and Bosworth,2021,113640,8538,8260,7291,6616,7161,5185,3392,1922,1132
E07000133,Melton,1991,45105,2554,2308,2236,2227,1763,1402,939,449,183
E07000133,Melton,2001,47866,3851,3066,2470,2119,1896,1680,1118,610,283
E07000133,Melton,2011,50376,3648,3357,3662,2826,2149,1731,1288,863,400
E07000133,Melton,2021,51751,4165,4308,3622,3249,3424,2451,1542,973,516
E07000134,North West Leicestershire,1991,80542,4543,4069,4178,4160,3274,2546,1584,764,270
E07000134,North West Leicestershire,2001,85503,6681,5689,4329,3736,3439,2994,2001,1045,432
E07000134,North West Leicestershire,2011,93468,6358,5940,6599,5201,3796,2934,2209,1418,674
E07000134,North West Leicestershire,2021,104706,8074,7626,6442,5648,6068,4355,2656,1482,794
E07000135,Oadby and Wigston,1991,51548,3169,3052,2959,2558,1818,1435,1009,460,185
E07000135,Oadby and Wigston,2001,55795,3893,3214,2977,2787,2565,1984,1174,657,379
E07000135,Oadby and Wigston,2011,56170,3746,3218,3432,2803,2522,2293,1734,1019,516
E07000135,Oadby and Wigston,2021,57753,3861,3920,3522,2987,3051,2381,1848,1304,732
E07000136,Boston,1991,53236,3079,3064,3248,3085,2371,2049,1358,683,227
E07000136,Boston,2001,55750,4162,3734,3266,2962,2877,2254,1484,863,456
E07000136,Boston,2011,64637,4208,4074,4395,3735,3038,2422,1922,1096,529
E07000136,Boston,2021,70503,4846,4909,4333,3819,3818,2877,1959,1214,719
E07000137,East Lindsey,1991,116978,6871,7047,7851,8103,6511,5029,3173,1510,623
E07000137,East Lindsey,2001,130447,10205,9820,8793,8272,7597,6060,3948,2066,1030
E07000137,East Lindsey,2011,136401,9447,9570,12310,11212,8737,6683,4753,2703,1351
E07000137,East Lindsey,2021,142292,10231,11709,11501,11114,12241,9202,5786,3215,1774
E07000138,Lincoln,1991,81991,3952,3784,4080,4379,3644,2720,1736,813,343
E07000138,Lincoln,2001,85595,5241,4188,3673,3305,3248,2991,2140,991,502
E07000138,Lincoln,2011,93541,5384,4746,4874,3709,3004,2472,2075,1335,731
E07000138,Lincoln,2021,103813,5968,6019,5021,4120,4001,2808,2030,1293,754
E07000139,North Kesteven,1991,79942,4967,4454,4668,4571,3725,2861,1812,850,305
E07000139,North Kesteven,2001,94024,6971,6282,5484,4911,4397,3635,2374,1246,567
E07000139,North Kesteven,2011,107766,7343,6540,7891,6849,5559,4213,3090,1858,923
E07000139,North Kesteven,2021,118075,8984,9051,7608,6666,7627,5827,4087,2236,1167
E07000140,South Holland,1991,67252,4033,4059,4372,4336,3357,2643,1683,800,267
E07000140,South Holland,2001,76522,5925,5195,4835,4803,4426,3491,2105,1176,567
E07000140,South Holland,2011,88270,5843,5548,6579,5462,4767,3933,2920,1695,886
E07000140,South Holland,2021,95119,6931,7161,6177,5615,6229,4547,3231,1957,1115
E07000141,South Kesteven,1991,108912,5885,5372,5489,5706,4554,3394,2272,1073,397
E07000141,South Kesteven,2001,124792,9538,7938,6242,5561,5167,4589,2937,1549,731
E07000141,South Kesteven,2011,133788,9616,8654,9664,7889,5905,4640,3583,2379,1164
E07000141,South Kesteven,2021,143400,10855,10904,9637,8589,9108,6854,4401,2605,1558
E07000142,West Lindsey,1991,76224,4459,4334,4321,4126,3441,2547,1549,751,319
E07000142,West Lindsey,2001,79515,6320,5682,4621,4165,3752,2956,2036,1070,519
E07000142,West Lindsey,2011,89250,6576,6218,7068,5963,4444,3524,2537,1401,760
E07000142,West Lindsey,2021,95152,7185,7564,6926,6323,6668,5048,3192,1835,917
E07000143,Breckland,1991,107152,5948,5576,5777,6155,5086,4198,2783,1272,499
E07000143,Breckland,2001,121418,9074,7909,6978,6387,5693,4957,3350,1906,967
E07000143,Breckland,2011,130491,8255,7913,9771,8088,6719,5426,4043,2544,1318
E07000143,Breckland,2021,141478,10069,10529,9297,8781,9701,7252,4891,2998,1678
E07000144,Broadland,1991,106269,6673,6249,6190,5725,4715,3859,2674,1313,481
E07000144,Broadland,2001,118513,9400,7949,7035,6378,5786,4601,3196,1872,1009
E07000144,Broadland,2011,124646,8640,8171,9707,7931,6533,5413,4108,2499,1332
E07000144,Broadland,2021,131722,9887,9959,8786,8162,9241,6866,4968,3055,1778
E07000145,Great Yarmouth,1991,87736,4754,4520,4967,5093,4172,3479,2401,1080,418
E07000145,Great Yarmouth,2001,90810,6879,6071,5182,4762,4437,3758,2652,1500,731
E07000145,Great Yarmouth,2011,97277,6162,6061,7228,6111,4746,3861,2951,1812,890
E07000145,Great Yarmouth,2021,99743,7128,7349,6629,6160,6613,5016,3185,1873,1090
E07000146,King's Lynn and West Norfolk,1991,130479,7411,7281,7978,8226,6416,5254,3358,1573,676
E07000146,King's Lynn and West Norfolk,2001,135345,10044,9025,8234,7918,7444,6229,3930,2240,1100
E07000146,King's Lynn and West Norfolk,2011,147451,9453,9232,11253,9715,8078,6618,4966,3016,1448
E07000146,King's Lynn and West Norfolk,2021,154318,10676,11441,10523,9786,10807,8235,5662,3512,1934
E07000147,North Norfolk,1991,90425,4970,5141,5840,6209,5427,4787,3194,1584,650
E07000147,North Norfolk,2001,98382,7821,7377,6587,6748,6249,5187,3551,2200,1080
E07000147,North Norfolk,2011,101499,6867,7221,9239,8211,6609,5794,4411,2682,1490
E07000147,North Norfolk,2021,102988,7066,8119,8559,8342,9452,7019,4762,3127,1798
E07000148,Norwich,1991,120905,5744,5601,6037,6263,5309,4390,3270,1627,609
E07000148,Norwich,2001,121550,7290,5748,5088,4881,4948,4643,3206,1785,972
E07000148,Norwich,2011,132512,6878,6430,6517,5043,4199,3684,3128,2134,1157
E07000148,Norwich,2021,143926,8252,7772,6420,5829,5640,4079,2842,1883,1236
E07000149,South Norfolk,1991,102583,6208,5743,5603,5710,4734,3962,2589,1233,489
E07000149,South Norfolk,2001,110710,9138,7898,6551,5905,5287,4550,2999,1749,868
E07000149,South Norfolk,2011,124012,8529,8033,9573,7939,6204,5046,3842,2381,1111
E07000149,South Norfolk,2021,141948,10114,10493,9254,8443,9442,7127,4798,2969,1732
E07000170,Ashfield,1991,108368,6132,5461,5317,5499,4414,3287,2058,1038,339
E07000170,Ashfield,2001,111387,7821,7240,5781,4882,4282,3809,2604,1245,646
E07000170,Ashfield,2011,119497,8009,7172,7580,6547,5030,3698,2542,1623,798
E07000170,Ashfield,2021,126305,9469,9250,7666,6617,6703,5300,3424,1836,1004
E07000171,Bassetlaw,1991,103981,6082,5666,5484,5273,4090,3190,2006,1008,368
E07000171,Bassetlaw,2001,107713,8192,6998,5750,5091,4500,3624,2380,1283,618
E07000171,Bassetlaw,2011,112863,7994,7356,8088,6508,5036,3962,2880,1721,834
E07000171,Bassetlaw,2021,117804,8924,9225,7853,6814,7266,5374,3504,2009,1114
E07000172,Broxtowe,1991,107140,6155,5718,5410,5217,4234,3349,2271,968,416
E07000172,Broxtowe,2001,107570,8220,6680,5586,5042,4421,3682,2497,1376,594
E07000172,Broxtowe,2011,109487,7489,6686,7548,5930,4803,3858,2846,1771,890
E07000172,Broxtowe,2021,110944,7853,7877,6830,6042,6735,4899,3359,2051,1138
E07000173,Gedling,1991,110127,6453,6082,5791,5604,4089,3348,2299,1054,394
E07000173,Gedling,2001,111787,8618,7051,5857,5354,4740,4112,2467,1463,773
E07000173,Gedling,2011,113543,8005,7290,7755,6024,5090,4133,3042,1891,836
E07000173,Gedling,2021,117258,8706,8614,7360,6596,6935,4928,3544,2167,1115
E07000174,Mansfield,1991,100419,5416,5159,5268,5103,4032,3074,1876,915,317
E07000174,Mansfield,2001,98181,6723,5958,4986,4543,4089,3506,2263,1142,520
E07000174,Mansfield,2011,104466,7325,6438,6513,5450,4203,3462,2601,1527,703
E07000174,Mansfield,2021,110486,7949,8157,7028,5907,5715,4321,2783,1663,913
E07000175,Newark and Sherwood,1991,102769,5962,5592,5706,5418,4114,3187,2121,1051,435
E07000175,Newark and Sherwood,2001,106273,8097,7080,5753,5104,4678,3967,2611,1391,660
E07000175,Newark and Sherwood,2011,114817,8143,7351,8214,6722,5251,4069,3014,1804,925
E07000175,Newark and Sherwood,2021,122954,9192,9270,8198,7228,7688,5655,3736,2137,1227
E07000176,Rushcliffe,1991,97580,5594,5359,5068,4759,3800,3156,2142,1157,494
E07000176,Rushcliffe,2001,105599,8053,6510,5137,4749,4219,3600,2343,1443,766
E07000176,Rushcliffe,2011,111129,7785,7035,7411,6006,4621,3949,3017,1931,899
E07000176,Rushcliffe,2021,119078,8685,8585,7294,6449,6868,5179,3509,2317,1419
E07000177,Cherwell,1991,117837,6077,5381,5077,4724,3801,3123,2028,1013,378
E07000177,Cherwell,2001,131785,9173,7057,5794,4948,4471,3649,2517,1454,686
E07000177,Cherwell,2011,141868,9284,8088,8441,6316,5230,4205,3129,1851,968
E07000177,Cherwell,2021,161013,11504,11194,9092,7533,7552,5378,3819,2368,1383
E07000178,Oxford,1991,110110,5424,5060,5222,5074,4201,3986,2843,1413,519
E07000178,Oxford,2001,134248,6825,5426,4781,4412,4221,3812,2565,1663,791
E07000178,Oxford,2011,151906,7027,6148,5924,4583,3769,3066,2525,1742,955
E07000178,Oxford,2021,162039,8804,8198,6444,5223,4864,3543,2568,1702,1070
E07000179,South Oxfordshire,1991,119497,7225,6455,5734,5360,4186,3617,2503,1197,527
E07000179,South Oxfordshire,2001,128188,9400,8031,6439,5529,4712,4017,2765,1665,891
E07000179,South Oxfordshire,2011,134257,9353,8083,8722,7255,5785,4591,3374,2195,1180
E07000179,South Oxfordshire,2021,149080,11422,10848,8985,7631,7875,6339,4466,2734,1534
E07000180,Vale of White Horse,1991,109871,6337,5804,5294,4760,3819,3082,2128,1011,372
E07000180,Vale of White Horse,2001,115627,8681,7042,5684,5057,4391,3657,2599,1401,720
E07000180,Vale of White Horse,2011,120988,8418,7440,7980,6317,5054,4205,3133,1979,1073
E07000180,Vale of White Horse,2021,138910,9602,9582,8224,6964,7268,5466,3843,2454,1470
E07000181,West Oxfordshire,1991,90250,4855,4385,4219,3983,3335,2602,1876,891,373
E07000181,West Oxfordshire,2001,95640,7130,5863,4751,4123,3827,3194,2157,1318,688
E07000181,West Oxfordshire,2011,104779,7184,6223,6947,5685,4428,3619,2790,1756,984
E07000181,West Oxfordshire,2021,114233,8362,8499,7225,6204,6485,5034,3416,2240,1366
E07000192,Cannock Chase,1991,88846,4892,4257,4238,3946,2894,2097,1278,587,190
E07000192,Cannock Chase,2001,92126,6563,5546,4472,3769,3423,2707,1577,781,375
E07000192,Cannock Chase,2011,97462,6387,5783,6109,5044,3860,2821,2145,1227,560
E07000192,Cannock Chase,2021,100529,7796,7485,6095,5324,5340,3995,2671,1424,803
E07000193,East Staffordshire,1991,97082,5515,5156,5163,4906,3587,2959,1951,1014,382
E07000193,East Staffordshire,2001,103770,7318,6143,5238,4768,4237,3358,2096,1234,631
E07000193,East Staffordshire,2011,113583,7780,6630,6995,5740,4629,3713,2729,1554,766
E07000193,East Staffordshire,2021,124019,9002,8685,7555,6182,6212,4689,3126,1848,1027
E07000194,Lichfield,1991,92699,6169,4893,4395,3937,3092,2361,1537,809,324
E07000194,Lichfield,2001,93232,7651,7172,5675,4378,3608,2897,1920,1078,556
E07000194,Lichfield,2011,100654,6782,6459,7525,6893,5061,3570,2460,1481,789
E07000194,Lichfield,2021,106439,8093,7922,6714,6161,6953,5824,3658,1926,1007
E07000195,Newcastle-under-Lyme,1991,119091,6980,6688,6630,6357,5112,3925,2593,1195,359
E07000195,Newcastle-under-Lyme,2001,122030,9095,7386,6404,5833,5299,4356,2927,1536,681
E07000195,Newcastle-under-Lyme,2011,123871,8209,7615,8434,6620,5410,4431,3202,1945,900
E07000195,Newcastle-under-Lyme,2021,123306,8847,8755,7914,6844,7279,5320,3772,2340,1188
E07000196,South Staffordshire,1991,105490,6822,5796,5365,4551,3243,2544,1606,888,323
E07000196,South Staffordshire,2001,105896,8518,7627,6342,5222,4376,3346,2106,1179,598
E07000196,South Staffordshire,2011,108131,8069,7316,8169,7051,5666,4251,2907,1763,867
E07000196,South Staffordshire,2021,110474,8414,8824,7894,6847,7344,5983,4088,2333,1149
E07000197,Stafford,1991,117780,7214,6307,6270,5777,4499,3815,2524,1099,448
E07000197,Stafford,2001,120670,9400,8382,6771,5702,5178,4211,2840,1633,811
E07000197,Stafford,2011,130869,8900,8268,9167,7825,6120,4595,3443,2100,1191
E07000197,Stafford,2021,136870,10327,10139,8944,7924,8411,6665,4503,2485,1464
E07000198,Staffordshire Moorlands,1991,95444,5804,5381,5261,4980,3833,2895,1912,993,313
E07000198,Staffordshire Moorlands,2001,94489,7867,6830,5527,4820,4214,3460,2276,1156,536
E07000198,Staffordshire Moorlands,2011,97106,6824,6678,7839,6381,4979,3866,2685,1618,852
E07000198,Staffordshire Moorlands,2021,95851,7791,7609,6841,6331,7002,5241,3512,1970,1066
E07000199,Tamworth,1991,70052,3435,2840,2629,2433,1785,1372,791,349,121
E07000199,Tamworth,2001,74532,5572,4203,3274,2497,2201,1753,1083,546,253
E07000199,Tamworth,2011,76813,5048,4850,4987,3733,2777,2032,1428,808,366
E07000199,Tamworth,2021,78646,5787,5156,4648,4327,4243,2991,1835,1018,498
E07000200,Babergh,1991,79637,4478,4119,4218,4169,3402,2785,1802,959,411
E07000200,Babergh,2001,83461,6829,5886,4621,4184,3829,3275,2212,1203,625
E07000200,Babergh,2011,87740,5900,5843,6986,5695,4315,3491,2705,1660,890
E07000200,Babergh,2021,92332,6926,7187,6346,5950,6835,5142,3436,1966,1207
E07000202,Ipswich,1991,116982,5668,5766,6017,5898,4972,4176,2869,1429,588
E07000202,Ipswich,2001,117069,7370,5910,5173,5081,4860,4196,2948,1717,858
E07000202,Ipswich,2011,133384,8184,7223,7137,5239,4362,3880,3231,2011,1107
E07000202,Ipswich,2021,139644,9236,8606,7382,6273,5990,4261,3152,2066,1268
E07000203,Mid Suffolk,1991,78379,4419,4023,4083,3948,3318,2669,1837,891,393
E07000203,Mid Suffolk,2001,86837,6805,5636,4723,4231,3782,3189,2166,1246,636
E07000203,Mid Suffolk,2011,96731,6894,6436,7546,6036,4601,3639,2641,1675,879
E07000203,Mid Suffolk,2021,102702,7627,8045,7282,6739,7295,5228,3459,2067,1192
E07000207,Elmbridge,1991,114458,6693,6155,5715,5646,4681,4154,2938,1511,559
E07000207,Elmbridge,2001,121936,9085,7135,5671,5083,4656,4248,2999,1909,1068
E07000207,Elmbridge,2011,130875,9006,7419,7668,5818,4722,4043,3273,2344,1318
E07000207,Elmbridge,2021,138757,10611,9743,7651,6258,6294,4722,3479,2429,1638
E07000208,Epsom and Ewell,1991,67004,3983,3691,3504,3363,2774,2726,2046,970,369
E07000208,Epsom and Ewell,2001,67059,5345,4148,3326,2901,2684,2345,1675,1119,559
E07000208,Epsom and Ewell,2011,75102,4972,4274,4766,3502,2872,2416,1851,1249,685
E07000208,Epsom and Ewell,2021,80939,5842,5466,4410,3605,3944,2895,2049,1334,786
E07000209,Guildford,1991,122382,6855,6537,6342,5681,4679,3983,2727,1414,554
E07000209,Guildford,2001,129701,9212,7307,5982,5336,4935,3958,2807,1757,871
E07000209,Guildford,2011,137183,8779,7652,7931,5966,4892,4134,3195,2020,1186
E07000209,Guildford,2021,143646,9725,9662,7779,6432,6596,4822,3490,2330,1485
E07000210,Mole Valley,1991,79198,4935,4834,4465,4211,3450,3107,2291,1184,497
E07000210,Mole Valley,2001,80287,6245,5531,4437,4170,3602,3157,2172,1396,761
E07000210,Mole Valley,2011,85375,6191,5452,5930,4957,3915,3457,2660,1704,981
E07000210,Mole Valley,2021,87386,6837,6905,5923,5128,5204,4159,3016,2056,1199
E07000211,Reigate and Banstead,1991,117798,6530,6256,6237,5851,4884,4126,2989,1559,713
E07000211,Reigate and Banstead,2001,126523,9668,7282,5825,5295,4934,4243,3135,1914,1071
E07000211,Reigate and Banstead,2011,137835,9110,7833,8466,6263,4918,4282,3419,2427,1424
E07000211,Reigate and Banstead,2021,150852,10573,10363,8452,6812,7062,5105,3572,2508,1662
E07000212,Runnymede,1991,71789,4170,4066,3891,3593,2863,2498,1649,792,297
E07000212,Runnymede,2001,78033,5243,4493,3589,3381,3057,2677,1804,1136,522
E07000212,Runnymede,2011,80510,5277,4412,4617,3664,2944,2757,2046,1350,707
E07000212,Runnymede,2021,88085,5947,5817,4723,3774,3808,2979,2130,1531,941
E07000213,Spelthorne,1991,86916,5507,5243,5038,4454,3290,2760,1703,808,343
E07000213,Spelthorne,2001,90390,6250,5368,4745,4325,3904,3169,1986,1150,523
E07000213,Spelthorne,2011,95598,6471,5419,5611,4537,3970,3332,2509,1547,785
E07000213,Spelthorne,2021,102953,7348,7305,5787,4603,4673,3652,2836,1773,1053
E07000214,Surrey Heath,1991,79061,4909,4426,3433,2742,2045,1690,1207,631,261
E07000214,Surrey Heath,2001,80314,6189,5085,4034,3547,2692,2044,1387,848,450
E07000214,Surrey Heath,2011,86144,6146,5191,5287,4267,3401,2954,1955,1182,646
E07000214,Surrey Heath,2021,90460,7038,6694,5431,4430,4566,3561,2527,1785,947
E07000215,Tandridge,1991,76311,4562,4333,4337,3737,3091,2677,1846,958,401
E07000215,Tandridge,2001,79267,6169,5181,3944,3538,3273,2680,1977,1220,620
E07000215,Tandridge,2011,82998,5900,5209,5612,4499,3391,2807,2367,1417,874
E07000215,Tandridge,2021,87878,6601,6499,5502,4619,4751,3630,2564,1698,1083
E07000216,Waverley,1991,113202,6766,6238,5735,5517,4770,4462,3268,1743,700
E07000216,Waverley,2001,115665,9116,7617,5905,5359,4556,4102,3147,2130,1100
E07000216,Waverley,2011,121572,8300,7255,8036,6710,5251,4585,3405,2368,1503
E07000216,Waverley,2021,128231,9668,9067,7750,6550,7081,5701,3995,2870,1809
E07000217,Woking,1991,86780,4571,4418,3972,3683,2836,2532,1766,1015,376
E07000217,Woking,2001,89840,6202,4888,3942,3642,3152,2738,1797,1136,636
E07000217,Woking,2011,99198,6494,5443,5455,4090,3290,2883,2254,1527,799
E07000217,Woking,2021,103940,7142,6733,5475,4487,4452,3233,2353,1645,1038
E07000218,North Warwickshire,1991,60750,3614,3134,3038,2811,2220,1631,1053,479,164
E07000218,North Warwickshire,2001,61860,4902,4241,3258,2766,2438,1877,1257,645,306
E07000218,North Warwickshire,2011,62014,4496,4177,4496,3718,2788,2064,1490,913,412
E07000218,North Warwickshire,2021,65035,5101,5064,4417,3740,3959,2948,1913,1125,588
E07000219,Nuneaton and Bedworth,1991,117038,6459,5847,5764,5505,4281,3042,1880,894,317
E07000219,Nuneaton and Bedworth,2001,119132,8627,7534,5899,5205,4643,3701,2420,1183,525
E07000219,Nuneaton and Bedworth,2011,125252,8179,7586,8028,6707,5061,3918,2843,1611,782
E07000219,Nuneaton and Bedworth,2021,134204,9553,9210,7895,6868,6965,5304,3486,1969,1012
E07000220,Rugby,1991,84568,4955,4303,4335,4118,3476,2732,1747,817,365
E07000220,Rugby,2001,87453,6322,5840,4543,3785,3487,2955,2113,1171,539
E07000220,Rugby,2011,100075,6602,5634,6062,5401,4003,3064,2492,1545,829
E07000220,Rugby,2021,114366,8067,7682,6216,5102,5433,4470,3040,1724,1040
E07000221,Stratford-on-Avon,1991,105574,6658,5969,5888,5617,4555,3827,2564,1265,456
E07000221,Stratford-on-Avon,2001,111484,9157,8212,6685,5645,5035,4105,2802,1756,865
E07000221,Stratford-on-Avon,2011,120485,8718,8187,9341,8117,6149,4931,3761,2317,1305
E07000221,Stratford-on-Avon,2021,134727,10302,10645,9348,8254,8969,7248,4793,2945,1707
E07000222,Warwick,1991,116269,6727,6110,6199,6092,4817,3868,2586,1273,601
E07000222,Warwick,2001,125931,8921,7638,6107,5397,5140,4491,3005,1750,859
E07000222,Warwick,2011,137648,8571,7707,8190,6711,5171,4280,3445,2277,1166
E07000222,Warwick,2021,148452,10023,9705,7973,7060,7248,5737,3976,2477,1528
E07000223,Adur,1991,58009,3249,3183,3432,3695,3154,2813,1945,1015,393
E07000223,Adur,2001,59627,4281,3867,3313,3107,3150,2782,1988,1225,645
E07000223,Adur,2011,61182,4003,3679,4301,3658,3057,2602,2082,1348,687
E07000223,Adur,2021,64547,4659,4527,3960,3594,4023,3121,2297,1370,834
E07000224,Arun,1991,129323,6391,6504,7533,9007,8691,8193,5823,3105,1258
E07000224,Arun,2001,140759,9781,8950,8284,8361,8517,7813,5928,3857,2053
E07000224,Arun,2011,149518,9404,9080,11359,10264,8971,7558,6037,4116,2382
E07000224,Arun,2021,164896,11441,11948,11002,10684,12599,9704,6833,4263,2802
E07000225,Chichester,1991,101375,5780,5972,6374,6428,5659,5076,3508,1864,743
E07000225,Chichester,2001,106450,7918,7129,6290,6233,5944,5156,3657,2286,1235
E07000225,Chichester,2011,113794,7795,7179,8550,7551,6219,5515,4317,2761,1531
E07000225,Chichester,2021,124068,8488,9354,8827,7982,8776,6930,4853,3146,1945
E07000226,Crawley,1991,87636,3946,4237,4845,4377,3021,2031,1162,558,222
E07000226,Crawley,2001,99744,6105,4304,3673,4177,3859,3217,2063,968,374
E07000226,Crawley,2011,106597,6689,5469,5162,3407,2860,2703,2451,1421,626
E07000226,Crawley,2021,118495,7729,7139,6058,4633,4205,2659,1926,1383,948
E07000227,Horsham,1991,108542,6113,5681,5454,5305,4378,3892,2739,1522,620
E07000227,Horsham,2001,122088,9489,7512,6019,5508,4928,4266,2919,1830,1019
E07000227,Horsham,2011,131301,9784,8353,9109,7279,5851,4903,3814,2356,1367
E07000227,Horsham,2021,146776,10992,11254,9688,8342,8887,6694,4656,2966,1900
E07000228,Mid Sussex,1991,121192,6891,6266,6138,5433,4477,3970,2995,1588,701
E07000228,Mid Sussex,2001,127378,10019,8253,6239,5607,5157,4260,3014,2010,1108
E07000228,Mid Sussex,2011,139860,9536,8617,9288,7356,5448,4726,3879,2425,1473
E07000228,Mid Sussex,2021,152570,11377,10699,8877,7874,8231,6419,4270,2866,1833
E07000229,Worthing,1991,96171,4512,4358,5074,5839,5630,5824,4634,2759,1316
E07000229,Worthing,2001,97568,6413,5363,4748,4619,4859,4820,3782,2785,1739
E07000229,Worthing,2011,104640,6775,5852,6576,5344,4597,3986,3569,2504,1574
E07000229,Worthing,2021,111338,8150,7921,6729,5842,6627,4851,3632,2321,1681
E07000234,Bromsgrove,1991,91514,5641,5142,4979,4394,3505,2723,1778,936,376
E07000234,Bromsgrove,2001,87837,6898,6161,4914,4306,3805,3047,2106,1234,648
E07000234,Bromsgrove,2011,93637,6678,6226,6457,5503,4332,3673,2862,1771,994
E07000234,Bromsgrove,2021,99186,7513,7374,6298,5715,5773,4646,3232,2110,1264
E07000235,Malvern Hills,1991,68645,4299,4049,4114,4126,3359,2894,2021,1060,459
E07000235,Malvern Hills,2001,72172,6017,5201,4421,4018,3542,3204,2208,1378,695
E07000235,Malvern Hills,2011,74631,5428,5144,6157,5095,4179,3369,2627,1781,930
E07000235,Malvern Hills,2021,79483,5977,6523,5998,5439,5977,4500,3184,2005,1138
E07000236,Redditch,1991,78115,3643,3005,3056,2894,2327,1669,995,458,161
E07000236,Redditch,2001,78807,6115,4589,3181,2646,2505,2019,1425,715,326
E07000236,Redditch,2011,84214,5470,5618,5616,4052,2699,2046,1603,986,498
E07000236,Redditch,2021,87034,5802,5556,5054,4807,4681,3161,1886,994,625
E07000237,Worcester,1991,81765,4321,4128,3880,3988,3245,2654,1639,761,263
E07000237,Worcester,2001,93353,6122,5004,4118,3780,3220,2900,1944,1069,473
E07000237,Worcester,2011,98768,6029,5444,5560,4248,3452,2901,2016,1305,687
E07000237,Worcester,2021,103866,7368,7074,5696,4986,4879,3574,2498,1553,799
E07000238,Wychavon,1991,101705,6154,5581,5510,5475,4287,3454,2151,1083,459
E07000238,Wychavon,2001,112957,9212,7858,6332,5543,5036,4216,2718,1572,731
E07000238,Wychavon,2011,116944,8323,8088,9094,7491,5966,4603,3529,2244,1182
E07000238,Wychavon,2021,132495,10107,10281,9031,8389,8996,6686,4639,2621,1605
E07000239,Wyre Forest,1991,94792,5684,4921,4604,4568,3650,3013,1984,917,376
E07000239,Wyre Forest,2001,96981,8083,7118,5595,4555,3887,3390,2274,1338,651
E07000239,Wyre Forest,2011,97975,6161,6345,7804,6692,4912,3718,2634,1673,834
E07000239,Wyre Forest,2021,101609,7687,7536,6375,6291,7205,5615,3511,2020,1026
E07000240,St Albans,1991,126215,7464,6900,6344,5633,4393,3733,2600,1263,539
E07000240,St Albans,2001,129005,9294,7335,5959,5396,4873,4034,2631,1508,789
E07000240,St Albans,2011,140664,9223,7916,7910,6031,5018,4214,3319,2092,1102
E07000240,St Albans,2021,148173,11247,9980,7937,6437,6558,4872,3668,2465,1498
E07000241,Welwyn Hatfield,1991,92381,5221,5495,5509,4881,3784,3118,1952,882,369
E07000241,Welwyn Hatfield,2001,97553,6155,5132,4476,4644,4267,3466,2339,1415,606
E07000241,Welwyn Hatfield,2011,110535,6871,5672,5500,4310,3774,3545,2786,1655,869
E07000241,Welwyn Hatfield,2021,119839,7714,7598,6329,4891,4692,3511,2728,1852,1131
E07000242,East Hertfordshire,1991,115817,6776,6169,5423,4723,3674,3123,2095,1056,444
E07000242,East Hertfordshire,2001,128919,9571,7304,5826,5245,4371,3547,2350,1367,721
E07000242,East Hertfordshire,2011,137687,9780,7993,8346,6236,4971,4204,3044,1824,974
E07000242,East Hertfordshire,2021,150160,11392,10990,8944,7136,7471,5220,3724,2506,1336
E07000243,Stevenage,1991,75125,3781,3801,3772,3198,2349,1747,1058,500,169
E07000243,Stevenage,2001,79715,4730,3832,3321,3299,2984,2331,1393,716,327
E07000243,Stevenage,2011,83957,5763,4500,4154,3241,2753,2464,1867,1035,512
E07000243,Stevenage,2021,89501,6213,6214,4981,3749,3462,2502,1866,1258,711
E07000244,East Suffolk,1991,214775,11357,11213,12181,12630,11033,9288,6135,3157,1217
E07000244,East Suffolk,2001,227483,17221,14749,12862,12528,11696,10341,7221,4323,2102
E07000244,East Suffolk,2011,239552,16171,15394,18848,15812,12843,10897,8455,5287,3004
E07000244,East Suffolk,2021,246055,17645,18670,17643,16580,18673,13984,9345,5962,3765
E07000245,West Suffolk,1991,146527,7770,6724,6613,6664,5744,4770,3009,1442,572
E07000245,West Suffolk,2001,153703,10917,9258,7801,6618,5919,5108,3630,2016,931
E07000245,West Suffolk,2011,170756,10235,9508,11089,9038,7300,5723,4408,2741,1474
E07000245,West Suffolk,2021,179951,12289,12028,10214,9116,10131,7717,5434,3118,1846
E08000001,Bolton,1991,258579,13987,12477,12278,12842,9833,8122,5303,2569,939
E08000001,Bolton,2001,261037,18276,15136,12667,10725,9670,8733,5322,3043,1445
E08000001,Bolton,2011,276786,17565,15344,16845,13034,10519,7931,5728,3652,1676
E08000001,Bolton,2021,295961,20123,19211,16210,13871,14190,10084,6783,3742,2051
E08000002,Bury,1991,176765,9993,9017,8427,8207,6323,5710,3840,1777,718
E08000002,Bury,2001,180608,13225,10486,8982,7755,6575,5483,3567,2158,1116
E08000002,Bury,2011,185060,12337,10581,11712,8968,7324,5616,4007,2397,1228
E08000002,Bury,2021,193851,13444,13462,11289,9429,9969,7012,4814,2782,1441
E08000003,Manchester,1991,404880,19093,19006,20077,20266,16101,13510,8821,4158,1555
E08000003,Manchester,2001,392819,19976,15912,15550,14062,12907,11405,7314,4319,1999
E08000003,Manchester,2011,503127,23927,19633,18236,13191,11576,9378,7026,4226,2147
E08000003,Manchester,2021,551943,30370,26693,21642,16482,13817,9206,6689,3863,2111
E08000004,Oldham,1991,216514,12079,10578,10012,10273,7985,6943,4589,2072,767
E08000004,Oldham,2001,217273,14962,12239,10819,8741,7612,6598,4373,2521,1187
E08000004,Oldham,2011,224897,14128,12228,12875,10027,8253,6068,4397,2760,1448
E08000004,Oldham,2021,242081,16038,15058,12646,10819,10636,7590,5351,2788,1424
E08000005,Rochdale,1991,202139,10402,9769,10180,9688,7097,5980,3983,1823,738
E08000005,Rochdale,2001,205357,14438,10861,9362,8245,7756,6288,3855,2164,1101
E08000005,Rochdale,2011,211699,13710,12366,12454,9161,7481,5911,4456,2632,1175
E08000005,Rochdale,2021,223775,15110,14382,12494,10856,10331,6983,4591,2660,1446
E08000006,Salford,1991,220466,12181,11772,11514,11977,9861,7830,5215,2416,894
E08000006,Salford,2001,216103,13942,11332,10521,10180,8384,7365,5255,2634,1302
E08000006,Salford,2011,233933,14035,11563,12358,9498,8045,6410,4734,3012,1507
E08000006,Salford,2021,269927,15438,15047,12666,9680,9972,6886,5006,2876,1502
E08000007,Stockport,1991,284418,16418,15218,15004,14053,10952,9166,6406,3059,1122
E08000007,Stockport,2001,284528,20732,16642,14861,13157,11937,9854,6415,3824,1824
E08000007,Stockport,2011,283275,19670,17176,18263,14277,12238,10122,7640,4441,2309
E08000007,Stockport,2021,294776,20562,20458,17701,15297,15653,11482,8581,5297,2965
E08000008,Tameside,1991,216440,11752,10553,10465,10631,8627,6959,4510,1993,709
E08000008,Tameside,2001,213043,15117,12126,10507,8819,7850,6821,4603,2554,1183
E08000008,Tameside,2011,219324,14721,12613,13867,10526,8518,6456,4521,2822,1358
E08000008,Tameside,2021,231063,16604,16298,13758,11250,11556,7972,5330,2944,1457
E08000009,Trafford,1991,212731,12060,11308,11025,10548,8405,6926,4762,2299,982
E08000009,Trafford,2001,210145,14429,11422,10261,9461,8432,7149,5042,2686,1333
E08000009,Trafford,2011,226578,15281,12722,12814,9759,8566,7240,5659,3371,1678
E08000009,Trafford,2021,235063,16465,15921,13054,10827,10664,7919,6048,3797,2042
E08000010,Wigan,1991,306522,17654,15458,14248,14162,11586,8807,5412,2512,777
E08000010,Wigan,2001,301415,22432,19532,15939,13310,10708,9060,6031,3068,1259
E08000010,Wigan,2011,317849,20778,18312,21199,17181,13138,9541,6389,3682,1718
E08000010,Wigan,2021,329329,24984,23248,19734,16905,18340,13482,8463,4344,2066
E08000011,Knowsley,1991,152079,8109,8603,8560,7047,4917,3597,2141,980,337
E08000011,Knowsley,2001,150459,9175,7060,7416,7185,6499,4418,2438,1221,535
E08000011,Knowsley,2011,145893,10986,8984,8209,6164,5780,5147,3559,1688,676
E08000011,Knowsley,2021,154523,10727,11738,10509,8213,6899,4415,3509,2206,1001
E08000012,Liverpool,1991,452455,23741,24535,24631,23130,18472,15268,9916,4728,1686
E08000012,Liverpool,2001,439473,26987,20453,20895,19805,17889,13541,8736,4925,2262
E08000012,Liverpool,2011,466415,29288,25364,24418,17685,16342,13967,9742,5307,2423
E08000012,Liverpool,2021,486093,29155,30659,27543,22421,19996,13260,9990,5754,2905
E08000013,St. Helens,1991,178751,10451,9797,9330,8949,6884,5273,3296,1566,536
E08000013,St. Helens,2001,176843,13167,10703,9692,8454,7088,5775,3550,1878,836
E08000013,St. Helens,2011,175308,11727,10881,12255,9596,8016,6129,4165,2402,1092
E08000013,St. Helens,2021,183245,13433,13290,11486,9968,10530,7550,5208,3002,1379
E08000014,Sefton,1991,289554,16844,16620,16841,15537,12694,10794,7241,3761,1688
E08000014,Sefton,2001,282958,19457,16384,16002,15189,13698,10955,7289,4186,2223
E08000014,Sefton,2011,273790,20290,17790,18420,15058,13715,11879,8833,4931,2595
E08000014,Sefton,2021,279231,20110,21679,19815,16889,16496,12436,9591,6103,3251
E08000015,Wirral,1991,330777,17997,17652,18104,17259,14150,12224,8053,3996,1632
E08000015,Wirral,2001,312293,22808,18575,16384,15458,14384,11830,7906,4760,2236
E08000015,Wirral,2011,319783,22395,20263,21740,17035,14284,12018,9295,5481,2853
E08000015,Wirral,2021,320199,22943,23934,21519,18919,19103,13376,9716,5906,3374
E08000017,Doncaster,1991,288863,15708,15436,15610,15284,11043,8574,5254,2412,967
E08000017,Doncaster,2001,286866,20158,16652,14694,13624,12434,10251,6000,3199,1433
E08000017,Doncaster,2011,302402,20928,18364,18847,14737,12372,10174,7486,4346,2026
E08000017,Doncaster,2021,308108,21805,22003,19576,16540,16319,11512,8028,4999,2453
E08000018,Rotherham,1991,251649,14127,12958,12555,12414,9734,7368,4541,2025,820
E08000018,Rotherham,2001,248175,17666,14992,12995,11318,9724,8190,5341,2837,1247
E08000018,Rotherham,2011,257280,17934,15663,16664,13686,11097,8537,6023,3684,1815
E08000018,Rotherham,2021,265806,19465,18603,16409,14030,14211,10626,7236,4134,1990
E08000021,Newcastle upon Tyne,1991,259571,13160,13433,13899,13800,11629,9271,6271,3124,1281
E08000021,Newcastle upon Tyne,2001,259536,15554,11998,11663,11211,10478,8828,5969,3342,1542
E08000021,Newcastle upon Tyne,2011,280177,16629,14367,14133,10289,9091,7857,6000,3578,1904
E08000021,Newcastle upon Tyne,2021,300131,16762,17360,15496,12675,11788,7863,5973,3972,2247
E08000022,North Tyneside,1991,192288,10521,10581,11250,11203,9077,6434,4305,2074,756
E08000022,North Tyneside,2001,191659,13724,10634,9883,9443,8933,7426,4800,2406,1276
E08000022,North Tyneside,2011,200801,14180,12773,13059,9704,8392,7124,5363,3155,1557
E08000022,North Tyneside,2021,208952,14637,15220,13592,12150,11820,7837,5643,3496,1944
E08000023,South Tyneside,1991,154719,8608,8788,9306,9360,7139,4838,3066,1535,586
E08000023,South Tyneside,2001,152785,10311,7948,8044,7618,7200,6097,3784,1729,818
E08000023,South Tyneside,2011,148127,11143,9531,9637,7096,6538,5492,4140,2503,1084
E08000023,South Tyneside,2021,147777,10429,11229,10476,8775,8374,5555,4300,2502,1332
E08000024,Sunderland,1991,289079,15829,15712,15896,14428,10565,8135,5144,2496,954
E08000024,Sunderland,2001,280807,19463,14845,14378,13529,11881,8983,5320,2744,1319
E08000024,Sunderland,2011,275506,20020,17577,18011,13198,11833,9759,6841,3576,1586
E08000024,Sunderland,2021,274166,19445,20034,18912,16102,15492,10223,7706,4557,2180
E08000025,Birmingham,1991,961044,47884,47465,48402,46944,39281,31306,20044,9609,3554
E08000025,Birmingham,2001,977087,54048,45605,42270,38295,35582,30141,20873,11695,5370
E08000025,Birmingham,2011,1073045,57698,50219,46435,37543,32559,27902,21141,12656,6412
E08000025,Birmingham,2021,1144916,69954,62684,52641,42584,37346,28071,20958,13609,7918
E08000026,Coventry,1991,294403,15316,14615,14950,15332,12664,9881,5925,2783,1020
E08000026,Coventry,2001,300848,17278,15329,13844,12262,11352,10107,6996,3627,1611
E08000026,Coventry,2011,316960,17807,15378,15356,13208,10807,8750,6793,4404,2288
E08000026,Coventry,2021,345328,21444,19610,16318,13385,12665,9973,7217,4430,2646
E08000027,Dudley,1991,304646,18648,16905,16537,15078,12263,9129,5816,2854,1039
E08000027,Dudley,2001,305155,21786,19284,16898,14926,13318,10387,6961,3640,1611
E08000027,Dudley,2011,312925,19583,18389,19547,17255,14247,11379,8418,4673,2225
E08000027,Dudley,2021,323495,23470,22234,18638,16820,17002,13813,9656,5831,2938
E08000028,Sandwell,1991,290109,16120,15489,16101,15665,13034,9816,6181,2730,970
E08000028,Sandwell,2001,282904,17070,15334,14242,12981,11880,9922,6933,3363,1492
E08000028,Sandwell,2011,308063,17991,15495,15230,13139,11381,9186,6950,4096,2089
E08000028,Sandwell,2021,341835,23076,20848,17234,13857,12657,9676,7151,4208,2155
E08000029,Solihull,1991,199856,11877,11034,11074,9614,7335,5858,3620,1644,554
E08000029,Solihull,2001,199517,15401,13272,10264,9375,8937,7158,4528,2432,1153
E08000029,Solihull,2011,206674,14258,12226,13830,11530,8933,7529,6103,3621,1880
E08000029,Solihull,2021,216236,15629,15435,12978,10947,12067,9410,6473,4211,2492
E08000030,Walsall,1991,259511,15761,14800,14071,12636,9944,7586,4539,2136,701
E08000030,Walsall,2001,253499,16415,14979,13822,12443,10768,8386,5341,2835,1238
E08000030,Walsall,2011,269323,16464,14672,15221,13227,11439,9194,6558,3706,1691
E08000030,Walsall,2021,284130,19166,18006,15436,12895,12511,9892,7450,4470,2247
E08000031,Wolverhampton,1991,242187,13226,12899,13619,12950,10015,7687,4746,2345,794
E08000031,Wolverhampton,2001,236582,14474,12515,11742,11129,10381,8532,5600,2967,1376
E08000031,Wolverhampton,2011,249470,14949,13255,12981,10853,9712,8146,6322,3768,1828
E08000031,Wolverhampton,2021,263730,18110,16435,14047,11845,10762,8134,6260,3969,2312
E08000032,Bradford,1991,457354,23092,22507,22135,21884,16119,13740,9272,4833,1970
E08000032,Bradford,2001,467665,29646,22190,20856,18953,17148,14401,8869,5474,2816
E08000032,Bradford,2011,522452,31493,27588,26760,18570,16918,13917,10383,6493,3111
E08000032,Bradford,2021,546409,34274,32185,28775,24124,22372,14403,11191,7070,3841
E08000033,Calderdale,1991,191595,10165,9119,9317,9621,7747,6475,4374,2203,877
E08000033,Calderdale,2001,192405,14293,11145,9244,7930,7390,6398,4444,2619,1221
E08000033,Calderdale,2011,203826,14195,12401,13344,9848,7745,5956,4629,2831,1463
E08000033,Calderdale,2021,206627,15757,15082,12930,10870,11088,7658,5030,2958,1703
E08000034,Kirklees,1991,373128,20143,18197,18028,17444,14198,11715,7769,3847,1397
E08000034,Kirklees,2001,388567,27437,21629,17972,15554,14289,11952,8164,4564,2321
E08000034,Kirklees,2011,422458,26926,24001,25845,19323,15712,12091,9001,5316,2707
E08000034,Kirklees,2021,433222,30860,28624,24528,21033,21428,14857,10289,5879,3329
E08000035,Leeds,1991,680739,36770,35644,35360,33931,27286,23034,15401,7509,2789
E08000035,Leeds,2001,715402,45661,36479,33157,30476,27250,22677,15579,8972,4604
E08000035,Leeds,2011,751485,44050,38294,40178,30220,26235,22229,16332,9600,4982
E08000035,Leeds,2021,811950,50807,48187,40699,33690,34308,23961,17599,11041,6165
E08000036,Wakefield,1991,310919,17353,16052,15474,15519,11901,9200,5610,2567,860
E08000036,Wakefield,2001,315172,22558,18417,15774,14109,12266,10563,6693,3487,1514
E08000036,Wakefield,2011,325837,22633,20053,21221,16902,13440,10611,7527,4504,2158
E08000036,Wakefield,2021,353375,26331,25001,21550,18401,18526,13240,8870,5081,2492
E08000037,Gateshead,1991,199587,11745,11516,11537,11135,8581,6586,4236,1916,645
E08000037,Gateshead,2001,191151,13357,10788,10555,9829,8742,6932,4346,2258,1037
E08000037,Gateshead,2011,200214,13790,11672,12596,9646,8962,7293,5119,2897,1328
E08000037,Gateshead,2021,196144,13936,14244,12552,10618,10743,7357,5846,3474,1734
E08000039,Sheffield,1991,722179,40335,37689,37538,38482,33022,26379,17295,8352,2833
E08000039,Sheffield,2001,731297,47616,41521,36467,32795,29285,25246,17651,9731,4656
E08000039,Sheffield,2011,783919,48420,41908,43530,36460,30308,24508,17979,10879,5574
E08000039,Sheffield,2021,801095,55039,52450,45111,38195,37681,28421,19974,11779,6369
E09000001,City of London,1991,4141,276,325,308,222,168,105,87,42,17
E09000001,City of London,2001,7184,669,478,306,275,239,185,137,100,25
E09000001,City of London,2011,7375,471,476,463,329,258,185,146,75,42
E09000001,City of London,2021,8579,640,518,459,391,320,208,164,81,40
E09000002,Barking and Dagenham,1991,143658,6736,7086,7888,8478,6280,5135,3260,1551,574
E09000002,Barking and Dagenham,2001,163944,9365,7186,6160,5901,6204,5777,3378,1923,933
E09000002,Barking and Dagenham,2011,185911,10012,7727,6799,4950,4326,3779,3203,2102,961
E09000002,Barking and Dagenham,2021,218863,13835,11326,8586,5942,4778,3237,2582,1550,938
E09000003,Barnet,1991,293559,14683,13937,13451,13014,11034,10541,7478,3735,1601
E09000003,Barnet,2001,314564,19704,15272,12769,11732,11077,9188,6438,4596,2463
E09000003,Barnet,2011,356386,20848,17549,16912,13326,10397,9034,7000,4785,2890
E09000003,Barnet,2021,389340,25645,22874,19137,15447,14358,10462,7341,5120,3372
E09000004,Bexley,1991,215633,12053,11489,10736,9768,8054,6803,4534,2110,770
E09000004,Bexley,2001,218307,14932,12174,10464,9593,8687,7350,4817,2823,1239
E09000004,Bexley,2011,231997,15495,12439,12795,9916,8779,7481,5927,3403,1706
E09000004,Bexley,2021,246473,17265,16608,13575,10655,10539,7755,6010,3773,2160
E09000005,Brent,1991,243031,13156,12204,10621,9023,7145,6382,4223,1997,687
E09000005,Brent,2001,263464,13683,11705,11191,9990,7664,5478,3696,2291,1118
E09000005,Brent,2011,311215,18473,14443,12268,9580,8364,6684,4453,2408,1187
E09000005,Brent,2021,339818,22782,19882,16388,12298,9610,6988,5478,3356,1827
E09000006,Bromley,1991,290597,16401,15991,15842,14646,12201,10029,7054,3437,1330
E09000006,Bromley,2001,295532,21154,16775,13899,13103,12414,10394,7448,4262,2189
E09000006,Bromley,2011,309392,20684,17049,18492,14177,11593,10224,8228,5086,2729
E09000006,Bromley,2021,329989,23926,22346,18257,14483,15370,11233,8140,5619,3395
E09000007,Camden,1991,170467,8741,7891,7805,7352,6181,5457,3969,1906,828
E09000007,Camden,2001,198020,10798,8515,6860,5811,5417,4461,2843,1760,925
E09000007,Camden,2011,220338,10958,9362,9255,7306,5631,4442,3455,2048,1095
E09000007,Camden,2021,210134,13269,11746,9142,7123,6540,4829,3270,1870,1193
E09000008,Croydon,1991,313523,16640,15586,14553,12957,10364,8828,6269,3082,1369
E09000008,Croydon,2001,330587,20678,16980,13742,12219,10320,8771,5893,3557,1841
E09000008,Croydon,2011,363378,23071,18889,17029,12587,10568,8920,6398,3881,2021
E09000008,Croydon,2021,390718,27113,25774,20331,15252,13770,9738,7206,4551,2555
E09000009,Ealing,1991,275267,14254,13101,11726,10908,8686,7742,5255,2643,975
E09000009,Ealing,2001,300948,17056,13051,12186,10091,8165,7530,4667,2880,1345
E09000009,Ealing,2011,338449,19007,16619,14196,10387,9032,7268,4884,3023,1633
E09000009,Ealing,2021,367122,24748,21933,17645,13586,11396,7967,5998,3575,1944
E09000010,Enfield,1991,257411,13965,12922,12021,11020,9252,8492,6096,2963,1143
E09000010,Enfield,2001,273559,16659,13532,12088,10369,9276,7458,5281,3488,1833
E09000010,Enfield,2011,312466,18969,14988,13652,11164,9228,7620,5539,3449,1833
E09000010,Enfield,2021,329986,22648,21110,17061,12789,11159,8153,6490,4046,2378
E09000011,Greenwich,1991,207669,9736,9236,9284,9583,8167,6756,4351,2067,720
E09000011,Greenwich,2001,214403,12051,9406,8406,7078,6726,6045,4384,2433,1108
E09000011,Greenwich,2011,254557,14052,11083,10172,7495,6180,4939,3753,2452,1297
E09000011,Greenwich,2021,289067,19026,16125,12529,9325,7975,5628,3775,2257,1265
E09000012,Hackney,1991,181262,7932,7843,7647,6836,5314,4572,3194,1510,561
E09000012,Hackney,2001,202824,9365,7056,6639,5496,4908,3853,2459,1426,790
E09000012,Hackney,2011,246270,11525,8856,7271,5303,4370,3430,2345,1324,623
E09000012,Hackney,2021,259148,14570,13346,10106,7015,5458,3417,2381,1447,783
E09000013,Hammersmith and Fulham,1991,148495,7070,6457,5950,5633,4883,4412,2804,1373,560
E09000013,Hammersmith and Fulham,2001,165242,8378,6320,6123,4854,4264,3678,2441,1436,669
E09000013,Hammersmith and Fulham,2011,182493,8703,7131,6677,5011,4091,3035,2265,1297,714
E09000013,Hammersmith and Fulham,2021,183161,11896,10240,7357,5731,4986,3539,2540,1413,776
E09000014,Haringey,1991,202193,10057,9137,8126,7147,5600,5071,3500,1850,767
E09000014,Haringey,2001,216507,10846,8453,7817,6802,5171,4041,2656,1646,859
E09000014,Haringey,2011,254926,13416,10613,9243,6680,5895,4506,2867,1576,845
E09000014,Haringey,2021,264234,18521,16097,11898,8818,7148,4883,3640,2156,1061
E09000015,Harrow,1991,200096,11159,10115,8801,8044,6887,6791,5005,2431,930
E09000015,Harrow,2001,206814,13457,10930,9433,8275,7045,6067,4109,2957,1476
E09000015,Harrow,2011,239056,15157,13084,12010,9372,8048,6726,4933,2982,1606
E09000015,Harrow,2021,261203,16344,15355,13850,11515,9895,7362,5729,3563,2117
E09000016,Havering,1991,229524,13058,13000,13190,12432,9287,7040,4315,2004,863
E09000016,Havering,2001,224248,16398,12987,11162,10758,10440,8915,5343,2911,1306
E09000016,Havering,2011,237232,16520,13674,14561,11053,9508,8719,6941,4196,1860
E09000016,Havering,2021,262057,17371,16958,14752,11868,12125,8726,6416,4413,2558
E09000017,Hillingdon,1991,231612,12579,11868,11091,10215,8396,7382,4794,2337,809
E09000017,Hillingdon,2001,243006,15129,11950,10570,9579,8333,6931,4709,2899,1320
E09000017,Hillingdon,2011,273936,16567,13525,12786,9635,8426,7246,5179,3036,1656
E09000017,Hillingdon,2021,305916,19897,18127,14881,11661,10449,7388,5768,3788,2121
E09000018,Hounslow,1991,204401,10694,9696,8903,8079,6538,5763,3933,2000,712
E09000018,Hounslow,2001,212341,12411,9421,8446,7207,5958,4981,3319,1966,937
E09000018,Hounslow,2011,253957,14502,12205,10845,7916,6676,5297,3685,2220,1065
E09000018,Hounslow,2021,288181,18942,16370,13321,10565,8904,6131,4356,2617,1375
E09000019,Islington,1991,164692,7885,7506,7651,6983,5279,4610,3006,1472,547
E09000019,Islington,2001,175797,8779,7116,6144,5328,4765,3786,2275,1241,593
E09000019,Islington,2011,206125,10173,7901,7228,5395,4490,3478,2542,1443,688
E09000019,Islington,2021,216587,12897,11828,8815,6432,5395,3594,2554,1522,824
E09000020,Kensington and Chelsea,1991,138406,8011,6454,5964,5254,4417,3790,2748,1429,585
E09000020,Kensington and Chelsea,2001,158919,10798,8660,7026,5235,4924,3857,2893,1649,857
E09000020,Kensington and Chelsea,2011,158649,9475,7686,8176,6271,4657,3262,2458,1539,928
E09000020,Kensington and Chelsea,2021,143376,11082,10440,7829,5854,5470,4022,2793,1468,992
E09000021,Kingston upon Thames,1991,133018,6836,6160,5942,5923,5319,4811,3279,1623,630
E09000021,Kingston upon Thames,2001,147273,9774,7140,5511,4859,4485,4187,3172,1986,995
E09000021,Kingston upon Thames,2011,160060,9504,7972,7982,5694,4547,3753,3022,2136,1206
E09000021,Kingston upon Thames,2021,168064,11635,10188,8222,6726,6601,4550,3177,1939,1331
E09000022,Lambeth,1991,244812,10975,10482,10446,9505,7578,6499,4130,2032,821
E09000022,Lambeth,2001,266169,11534,8823,8476,7151,6326,5089,3331,1850,869
E09000022,Lambeth,2011,303086,15601,11372,9012,6623,5994,4438,3287,1936,909
E09000022,Lambeth,2021,317662,20468,18187,13171,8978,6859,4638,3626,1999,1165
E09000023,Lewisham,1991,230979,11147,10533,10476,9814,8206,7229,4767,2394,931
E09000023,Lewisham,2001,248922,12434,9653,8809,7478,6685,5650,4005,2369,1174
E09000023,Lewisham,2011,275885,15750,11523,9789,7284,6357,5113,3900,2271,1210
E09000023,Lewisham,2021,300554,19988,18587,13504,9005,7087,5045,3919,2318,1275
E09000024,Merton,1991,168479,8547,7790,7810,7351,6285,5644,4009,2045,850
E09000024,Merton,2001,187908,11303,8293,7222,6511,5919,5084,3546,2149,1079
E09000024,Merton,2011,199693,11294,9349,8777,6374,5506,4524,3441,2105,1172
E09000024,Merton,2021,215188,14482,12584,10251,7879,7104,4760,3741,2202,1385
E09000025,Newham,1991,212180,9799,8980,8513,8119,6560,5400,3535,1679,624
E09000025,Newham,2001,243891,10977,8121,8083,6652,5386,4324,3093,1610,755
E09000025,Newham,2011,307984,14731,10807,8533,5992,5469,4055,2741,1567,769
E09000025,Newham,2021,351039,20460,16301,12770,9104,6294,4000,3183,1687,899
E09000026,Redbridge,1991,226225,12014,11135,10929,10447,8732,7595,5363,2693,998
E09000026,Redbridge,2001,238635,15467,12266,9860,9092,8067,6873,5071,2950,1450
E09000026,Redbridge,2011,278970,16456,13945,12578,9165,7652,6449,5104,3225,1790
E09000026,Redbridge,2021,310260,19420,17007,14502,11275,9634,6643,5159,3276,1944
E09000027,Richmond upon Thames,1991,160729,8634,7630,7402,7304,6391,6093,4221,2088,851
E09000027,Richmond upon Thames,2001,172335,12388,9289,6760,5845,5444,5067,3730,2409,1181
E09000027,Richmond upon Thames,2011,186990,11805,10067,10142,7406,5617,4525,3709,2503,1536
E09000027,Richmond upon Thames,2021,195278,15406,13655,10248,8354,8730,6158,4064,2461,1680
E09000028,Southwark,1991,218530,10092,9847,10233,10195,7634,6606,4016,1767,714
E09000028,Southwark,2001,244866,11195,8669,8323,7258,6378,5560,3382,1900,877
E09000028,Southwark,2011,288283,16070,11084,9072,6547,5432,4271,3195,1949,935
E09000028,Southwark,2021,307641,19558,17569,13146,8399,6669,4351,3274,1881,1112
E09000029,Sutton,1991,168880,8961,8413,8147,7664,6221,5754,4283,2167,857
E09000029,Sutton,2001,179768,11764,9184,7530,6874,6323,5463,3783,2465,1230
E09000029,Sutton,2011,190146,12274,10045,10366,7563,6222,5345,4103,2637,1363
E09000029,Sutton,2021,209640,14715,13595,10649,8613,8356,5902,4304,2870,1696
E09000030,Tower Hamlets,1991,161050,7579,7491,7948,7051,5057,4207,2686,1260,503
E09000030,Tower Hamlets,2001,196106,7306,5899,6362,5466,5107,3889,2253,1158,486
E09000030,Tower Hamlets,2011,254096,9736,7823,5863,4140,4029,3204,2407,1256,534
E09000030,Tower Hamlets,2021,310303,13920,10835,8444,6045,4334,2797,2227,1316,752
E09000031,Waltham Forest,1991,212081,10435,9370,8748,8404,7356,7046,4936,2523,907
E09000031,Waltham Forest,2001,218341,11530,9470,8404,7103,5991,5182,3673,2376,1201
E09000031,Waltham Forest,2011,258249,14321,11301,9783,7231,6182,4967,3662,2267,1257
E09000031,Waltham Forest,2021,278429,18131,15456,12077,8796,7203,5089,3874,2228,1211
E09000032,Wandsworth,1991,252409,11745,10923,10342,10102,8448,7534,5265,2700,1120
E09000032,Wandsworth,2001,260380,11877,9310,8752,7474,6424,5658,3954,2386,1261
E09000032,Wandsworth,2011,306995,14088,11351,10658,7710,6745,5126,3637,2355,1338
E09000032,Wandsworth,2021,327506,18802,16224,12112,9100,8282,5724,4208,2509,1515
E09000033,Westminster,1991,174825,9831,9274,8812,7852,6577,5808,4039,2028,715
E09000033,Westminster,2001,181286,10956,8946,7333,6388,5688,4542,3060,1851,882
E09000033,Westminster,2011,219396,11582,9998,9205,7190,6017,4786,3421,2042,1058
E09000033,Westminster,2021,204240,14381,12427,9580,7310,6335,4742,3277,1945,1173
W06000001,Isle of Anglesey,1991,69194,3981,3763,3867,3803,3083,2505,1637,824,328
W06000001,Isle of Anglesey,2001,66829,5184,4746,4059,3549,3217,2567,1750,1016,504
W06000001,Isle of Anglesey,2011,69751,4817,4622,5461,4759,3815,2847,2199,1249,777
W06000001,Isle of Anglesey,2021,68875,4947,5209,5046,4757,5037,3716,2521,1333,843
W06000002,Gwynedd,1991,113364,6346,6327,6805,6691,5370,4516,3104,1622,620
W06000002,Gwynedd,2001,116843,8351,7630,6667,6018,5653,4708,3071,1824,929
W06000002,Gwynedd,2011,121874,7864,7323,8533,7391,5739,4802,3763,2278,1167
W06000002,Gwynedd,2021,117397,8076,8533,8046,7095,7301,5426,3646,2313,1492
W06000003,Conwy,1991,106329,5877,5843,6701,7119,6123,5405,3950,2169,932
W06000003,Conwy,2001,109596,7791,7040,6702,6479,6122,5421,3635,2267,1376
W06000003,Conwy,2011,115228,7939,7333,8844,7604,6362,5558,4363,2729,1546
W06000003,Conwy,2021,114741,8243,9015,8523,7872,8494,6206,4306,2806,1689
W06000004,Denbighshire,1991,88229,4884,4685,5186,5409,4785,4052,2884,1412,613
W06000004,Denbighshire,2001,93065,7002,5807,5320,4703,4537,4104,2844,1711,914
W06000004,Denbighshire,2011,93734,6223,5965,7159,5791,4794,3709,2813,1656,927
W06000004,Denbighshire,2021,95816,6878,7310,6653,6065,6622,4803,3258,1889,1109
W06000005,Flintshire,1991,141333,8425,7016,7048,6467,5335,4266,2753,1177,480
W06000005,Flintshire,2001,148594,11424,9288,7997,6384,5635,4526,3047,1707,852
W06000005,Flintshire,2011,152506,10113,9504,11029,8455,6844,4929,3455,2060,1093
W06000005,Flintshire,2021,154965,11830,11656,9997,8648,9638,6634,4553,2397,1359
W06000006,Wrexham,1991,123371,6635,6259,6409,6317,5194,4013,2623,1331,524
W06000006,Wrexham,2001,128476,9414,7900,6451,5612,5121,4433,2939,1669,831
W06000006,Wrexham,2011,134844,8640,8285,8858,7126,5390,4256,3202,1858,1019
W06000006,Wrexham,2021,135115,10127,9604,8282,7450,7602,5502,3531,2121,1174
W06000008,Ceredigion,1991,63097,3718,3552,3829,3936,3157,2531,1694,824,331
W06000008,Ceredigion,2001,74941,5696,4938,4304,3755,3344,3103,1975,1129,562
W06000008,Ceredigion,2011,75922,4841,4884,5574,4724,3694,2957,2194,1406,730
W06000008,Ceredigion,2021,71468,4752,5364,5140,4930,5012,3717,2378,1480,868
W06000009,Pembrokeshire,1991,112041,6581,6389,6676,6326,5162,3781,2375,1145,419
W06000009,Pembrokeshire,2001,114131,8772,7757,6969,6325,5610,4519,3071,1617,767
W06000009,Pembrokeshire,2011,122439,8197,8188,9525,7910,6470,5174,3673,2289,1177
W06000009,Pembrokeshire,2021,123366,8655,9634,9046,8620,8824,6540,4315,2634,1410
W06000010,Carmarthenshire,1991,168344,9688,9653,10122,10623,8749,6795,4360,2083,745
W06000010,Carmarthenshire,2001,172842,12922,11657,9790,8989,8376,7504,4922,2661,1253
W06000010,Carmarthenshire,2011,183777,12528,12242,13348,11419,8924,7273,5378,3449,1733
W06000010,Carmarthenshire,2021,187895,13181,14321,13403,12415,12190,9232,6014,3605,2010
W06000011,Swansea,1991,223194,12515,12475,12466,12417,10329,8190,5291,2481,963
W06000011,Swansea,2001,223301,15807,13000,11744,11079,10123,8731,6031,3264,1575
W06000011,Swansea,2011,239023,15156,13856,14976,12048,10108,8636,6265,3815,1940
W06000011,Swansea,2021,238500,15662,15996,14545,12704,13139,9559,6856,4298,2327
W06000012,Neath Port Talbot,1991,138255,7678,7491,7916,8259,6724,5003,3212,1489,503
W06000012,Neath Port Talbot,2001,134468,9719,8179,7204,6544,6249,5427,3594,1878,946
W06000012,Neath Port Talbot,2011,139812,9758,9261,9483,7641,6221,4901,3836,2295,1157
W06000012,Neath Port Talbot,2021,142290,9779,10331,9518,8364,8249,5867,3980,2350,1324
W06000013,Bridgend,1991,129254,7441,6895,6725,7107,5513,4319,2677,1256,474
W06000013,Bridgend,2001,128645,9129,7850,6891,6084,5283,4640,3000,1559,734
W06000013,Bridgend,2011,139178,9366,8521,9135,7518,6251,4761,3284,2054,986
W06000013,Bridgend,2021,145486,10678,10704,9162,8071,8172,6084,4209,2357,1202
W06000014,Vale of Glamorgan,1991,116903,6555,5864,6067,6109,4770,3693,2318,1287,533
W06000014,Vale of Glamorgan,2001,119292,8839,7321,6175,5294,4957,4425,2922,1585,833
W06000014,Vale of Glamorgan,2011,126336,8883,8211,8487,6824,5543,4260,3275,2134,1019
W06000014,Vale of Glamorgan,2021,131935,9180,9484,8682,7798,7830,5741,3921,2365,1335
W06000015,Cardiff,1991,285394,13919,13857,14405,14786,11417,9084,6011,3097,1190
W06000015,Cardiff,2001,305353,18307,14114,12417,11773,10975,10173,6503,3472,1675
W06000015,Cardiff,2011,346090,20231,17337,16498,12204,10501,9043,6906,4703,2195
W06000015,Cardiff,2021,362301,21061,20605,18030,14806,14068,9589,6917,4415,2702
W06000016,Rhondda Cynon Taf,1991,232583,12756,12279,11929,12880,9986,7386,4501,2236,726
W06000016,Rhondda Cynon Taf,2001,231946,16411,13751,11679,10612,9399,8425,5367,2708,1221
W06000016,Rhondda Cynon Taf,2011,234410,15244,13854,15453,12186,9818,7706,5304,3383,1676
W06000016,Rhondda Cynon Taf,2021,237651,16651,16791,14451,12823,13214,9305,6120,3371,1793
W06000018,Caerphilly,1991,169608,9431,8817,8398,8492,6401,4723,3038,1413,443
W06000018,Caerphilly,2001,169519,12123,10079,8578,7645,6461,5658,3550,1715,807
W06000018,Caerphilly,2011,178806,11790,10832,11815,9276,7414,5706,3761,2332,1076
W06000018,Caerphilly,2021,175956,12649,12716,10991,9852,10029,7058,4651,2601,1220
W06000019,Blaenau Gwent,1991,72251,3998,3797,3759,3963,3416,2514,1617,753,258
W06000019,Blaenau Gwent,2001,70064,4964,4420,3704,3302,2864,2610,1733,863,460
W06000019,Blaenau Gwent,2011,69814,4636,4094,4619,3913,3052,2422,1593,993,504
W06000019,Blaenau Gwent,2021,66900,5079,5165,4362,3699,3825,2768,1799,964,468
W06000020,Torfaen,1991,90550,4804,4817,4775,4794,3860,2640,1713,811,305
W06000020,Torfaen,2001,90949,6525,5513,4528,4402,3889,3443,2100,992,467
W06000020,Torfaen,2011,91075,6189,5639,6040,4837,3807,3221,2347,1419,739
W06000020,Torfaen,2021,92274,6376,6809,5902,5232,5221,3808,2528,1573,793
W06000021,Monmouthshire,1991,79958,4800,4523,4447,4355,3385,2645,1786,963,345
W06000021,Monmouthshire,2001,84885,6796,5867,4772,4285,3805,3248,2138,1183,588
W06000021,Monmouthshire,2011,91323,6539,6281,6897,5630,4440,3718,2678,1683,894
W06000021,Monmouthshire,2021,92961,7262,7817,6662,6193,6404,4890,3290,2046,1219
W06000022,Newport,1991,133318,7489,7193,7307,6913,5387,4133,2694,1298,531
W06000022,Newport,2001,137011,9289,7861,6753,6159,5630,4584,3339,1575,811
W06000022,Newport,2011,145736,9356,7803,8507,6769,5775,4677,3382,2115,1033
W06000022,Newport,2021,159594,10776,10675,8978,7276,7254,5350,3754,2199,1230
W06000023,Powys,1991,119252,6757,6791,7095,7012,5810,4558,3137,1452,605
W06000023,Powys,2001,126354,9939,8871,7279,6859,6197,5578,3578,1976,1017
W06000023,Powys,2011,132976,9221,9378,10864,9087,7145,5715,4211,2685,1403
W06000023,Powys,2021,133174,9715,10677,10407,9824,10053,7528,5022,2949,1745
W06000024,Merthyr Tydfil,1991,59318,3272,3130,3041,3349,2550,1835,1178,545,199
W06000024,Merthyr Tydfil,2001,55981,3942,3253,2941,2607,2285,2002,1264,606,282
W06000024,Merthyr Tydfil,2011,58802,4068,3510,3780,2895,2436,1931,1350,775,409
W06000024,Merthyr Tydfil,2021,58847,4123,4258,3781,3146,3156,2170,1433,795,412
